sumlev,logrecno,place_id_2010,name,total,rc_white,rc_black,rc_am_indian,rc_asian,rc_pac_isl,rc_other,rc_multi,eth_hispanic,eth_non_hisp,eth_white_nh,eth_black_nh,eth_am_indian_nh,eth_asian_nh,eth_pac_isl_nh,eth_other_nh,eth_mult_nh
160,0384583,3700160,Aberdeen,6350,4311,1566,82,113,0,95,183,323,6027,4116,1553,82,108,0,18,150
160,0384588,3700440,Advance,1138,1075,25,10,1,0,4,23,22,1116,1060,24,10,1,0,0,21
160,0384593,3700500,Ahoskie,5039,1436,3358,76,63,0,50,56,83,4956,1414,3347,75,63,0,8,49
160,0384598,3700640,Alamance,951,902,28,2,10,0,5,4,12,939,895,28,2,10,0,0,4
160,0384603,3700680,Albemarle,15903,11152,3562,49,466,1,387,286,719,15184,10865,3538,45,465,1,14,256
160,0384608,3701000,Alliance,776,626,123,2,3,0,16,6,24,752,620,122,1,3,0,0,6
160,0384613,3701140,Altamahaw,347,325,11,0,0,0,9,2,14,333,321,11,0,0,0,0,1
160,0384618,3701380,Andrews,1781,1582,23,19,1,0,68,88,134,1647,1550,12,18,1,0,0,66
160,0384623,3701400,Angier,4350,2685,945,36,24,1,569,90,885,3465,2436,935,10,23,1,0,60
160,0384632,3701420,Ansonville,631,170,445,0,5,0,7,4,16,615,170,437,0,5,0,1,2
160,0384637,3701520,Apex,37476,29796,2862,106,2652,31,1075,954,2655,34821,28465,2785,77,2641,16,78,759
160,0384644,3701560,Aquadale,397,397,0,0,0,0,0,0,8,389,389,0,0,0,0,0,0
160,0384649,3701640,Arapahoe,556,491,30,1,0,8,18,8,49,507,461,29,1,0,8,0,8
160,0384654,3701720,Archdale,11415,10020,461,63,547,0,163,161,462,10953,9763,445,60,543,0,14,128
160,0384664,3701760,Archer Lodge,4292,3477,378,24,12,1,308,92,522,3770,3300,376,17,12,1,6,58
160,0384669,3702080,Asheboro,25012,16968,3001,219,346,15,3762,701,6719,18293,14504,2919,93,332,8,43,394
160,0384675,3702140,Asheville,83393,66143,11134,280,1142,126,2401,2167,5455,77938,63508,11024,217,1130,123,160,1776
160,0384683,3702240,Ashley Heights,380,216,83,48,0,0,15,18,36,344,205,82,42,0,0,0,15
160,0384688,3702320,Askewville,241,231,7,0,1,0,0,2,0,241,231,7,0,1,0,0,2
160,0384693,3702460,Atkinson,299,253,23,0,0,0,21,2,28,271,247,23,0,0,0,0,1
160,0384698,3702480,Atlantic,543,533,0,0,0,0,7,3,10,533,531,0,0,0,0,0,2
160,0384703,3702500,Atlantic Beach,1495,1412,11,8,14,2,17,31,22,1473,1405,10,7,14,0,7,30
160,0384708,3702580,Aulander,895,391,492,1,1,0,0,10,5,890,386,492,1,1,0,0,10
160,0384713,3702620,Aurora,520,271,222,3,0,1,6,17,15,505,267,218,3,0,1,2,14
160,0384718,3702700,Autryville,196,173,8,4,0,0,0,11,2,194,171,8,4,0,0,0,11
160,0384723,3702760,Avery Creek,1950,1740,61,8,79,0,15,47,86,1864,1675,57,7,79,0,6,40
160,0384728,3702780,Avon,776,762,1,1,0,1,6,5,58,718,712,1,1,0,0,0,4
160,0384733,3702840,Ayden,4932,2370,2382,28,12,1,59,80,122,4810,2333,2363,26,9,1,4,74
160,0384740,3702960,Badin,1974,1093,769,18,7,0,72,15,127,1847,1038,769,15,7,0,4,14
160,0384745,3703020,Bailey,569,375,116,0,0,0,70,8,76,493,370,115,0,0,0,0,8
160,0384750,3703100,Bakersville,464,433,3,2,0,0,12,14,12,452,433,3,2,0,0,0,14
160,0384755,3703150,Bald Head Island,158,148,0,2,4,0,2,2,5,153,147,0,0,4,0,2,0
160,0384760,3703220,Balfour,1187,1033,38,4,15,6,67,24,143,1044,961,38,4,12,6,2,21
160,0384765,3703500,Banner Elk,1028,915,56,1,15,1,24,16,58,970,881,56,1,15,1,4,12
160,0384770,3703640,Barker Heights,1254,887,60,15,6,4,254,28,456,798,710,56,8,6,4,0,14
160,0384775,3703665,Barker Ten Mile,952,654,116,139,20,0,8,15,19,933,646,114,137,20,0,1,15
160,0384781,3703840,Bath,249,243,2,0,0,0,0,4,3,246,243,2,0,0,0,0,1
160,0384786,3703960,Bayboro,1263,533,689,16,6,0,4,15,40,1223,499,689,16,6,0,0,13
160,0384791,3704015,Bayshore,3393,3165,85,5,38,1,56,43,123,3270,3106,82,3,38,1,5,35
160,0384796,3704040,Bayview,346,319,21,0,0,0,2,4,2,344,319,21,0,0,0,0,4
160,0384801,3704180,Bear Grass,73,64,6,0,0,0,0,3,0,73,64,6,0,0,0,0,3
160,0384806,3704260,Beaufort,4039,3191,687,10,29,2,23,97,105,3934,3124,681,9,29,2,4,85
160,0384811,3704510,Beech Mountain,320,313,3,3,0,0,1,0,10,310,304,3,3,0,0,0,0
160,0384820,3704640,Belhaven,1688,659,933,20,8,0,39,29,85,1603,635,930,8,8,0,0,22
160,0384825,3704680,Bell Arthur,466,288,156,0,5,0,7,10,19,447,285,152,0,5,0,0,5
160,0384831,3704840,Belmont,10076,8422,894,34,410,16,142,158,355,9721,8242,878,32,409,11,9,140
160,0384837,3704950,Belville,1936,1493,335,8,19,1,39,41,94,1842,1441,334,8,19,1,3,36
160,0384842,3704955,Belvoir,307,184,109,3,0,0,5,6,12,295,184,108,0,0,0,0,3
160,0384847,3704960,Belwood,950,896,23,9,3,0,9,10,39,911,869,23,9,3,0,0,7
160,0384852,3705020,Bennett,282,260,9,1,7,0,0,5,0,282,260,9,1,7,0,0,5
160,0384857,3705040,Benson,3311,1993,880,13,16,1,333,75,463,2848,1908,873,10,16,0,9,32
160,0384865,3705049,Bent Creek,1287,1231,4,9,12,0,23,8,37,1250,1220,4,6,12,0,0,8
160,0384870,3705135,Bermuda Run,1725,1651,29,3,22,1,2,17,14,1711,1640,29,3,21,1,0,17
160,0384875,3705220,Bessemer City,5340,4252,771,22,35,0,159,101,273,5067,4167,765,22,35,0,7,71
160,0384881,3705340,Bethania,328,289,27,0,0,0,4,8,11,317,282,27,0,0,0,0,8
160,0384889,3705460,Bethel,1577,613,939,4,4,1,11,5,15,1562,611,939,4,4,1,0,3
160,0384894,3705530,Bethlehem,4214,4070,31,8,38,1,17,49,83,4131,4004,31,8,38,1,5,44
160,0384899,3705660,Beulaville,1296,903,302,3,6,1,64,17,84,1212,883,302,3,6,1,2,15
160,0384904,3705880,Biltmore Forest,1343,1322,5,0,4,0,1,11,13,1330,1309,5,0,4,0,1,11
160,0384909,3706000,Biscoe,1700,864,348,4,13,1,442,28,604,1096,722,343,3,11,1,0,16
160,0384914,3706080,Black Creek,769,561,144,1,5,0,46,12,65,704,545,144,1,5,0,0,9
160,0384919,3706140,Black Mountain,7848,7064,470,20,49,2,62,181,193,7655,6964,466,13,47,0,5,160
160,0384924,3706240,Bladenboro,1750,1281,411,17,7,0,9,25,36,1714,1262,404,17,7,0,0,24
160,0384929,3706500,Blowing Rock,1241,1199,4,0,3,0,4,31,20,1221,1190,4,0,3,0,0,24
160,0384939,3706510,Blue Clay Farms,33,17,13,0,1,0,1,1,0,33,17,13,0,1,0,1,1
160,0384944,3706660,Boardman,157,104,53,0,0,0,0,0,0,157,104,53,0,0,0,0,0
160,0384949,3706740,Bogue,684,635,15,1,4,0,17,12,36,648,613,15,0,4,0,4,12
160,0384954,3706760,Boiling Spring Lakes,5372,4941,228,22,28,6,45,102,144,5228,4847,223,20,28,6,8,96
160,0384959,3706800,Boiling Springs,4647,4001,526,9,18,0,25,68,92,4555,3940,525,6,18,0,7,59
160,0384965,3706820,Bolivia,143,127,12,0,0,0,0,4,0,143,127,12,0,0,0,0,4
160,0384970,3706860,Bolton,691,163,478,22,0,0,11,17,20,671,159,473,21,0,0,2,16
160,0384975,3706980,Bonnetsville,443,209,134,7,0,0,84,9,104,339,195,134,7,0,0,0,3
160,0384981,3707080,Boone,17122,15746,603,39,268,6,165,295,568,16554,15396,584,32,263,6,25,248
160,0384986,3707140,Boonville,1222,1119,43,4,1,0,38,17,64,1158,1104,43,3,1,0,0,7
160,0384991,3707220,Bostic,386,358,20,0,4,0,0,4,4,382,354,20,0,4,0,0,4
160,0384996,3707400,Bowmore,103,20,56,26,0,0,0,1,0,103,20,56,26,0,0,0,1
160,0385001,3707720,Brevard,7609,6339,840,21,74,0,132,203,285,7324,6187,836,20,73,0,18,190
160,0385006,3707765,Brices Creek,3073,2726,263,1,22,1,2,58,46,3027,2692,261,1,22,0,0,51
160,0385012,3707860,Bridgeton,454,370,54,2,1,1,6,20,21,433,360,50,1,1,1,2,18
160,0385017,3708040,Broad Creek,2334,2158,46,18,8,3,33,68,85,2249,2118,45,18,8,3,3,54
160,0385022,3708080,Broadway,1229,969,125,17,14,1,82,21,122,1107,941,123,11,14,1,1,16
160,0385029,3708110,Brogden,2633,892,1418,9,18,1,253,42,364,2269,793,1411,8,18,1,8,30
160,0385035,3708140,Brookford,382,330,29,1,9,0,9,4,13,369,326,29,1,9,0,0,4
160,0385040,3708420,Brunswick,1119,387,630,38,4,1,34,25,62,1057,370,629,37,4,1,1,15
160,0385045,3708480,Bryson City,1424,1275,7,68,8,0,35,31,77,1347,1240,7,67,8,0,0,25
160,0385050,3708760,Buies Creek,2942,2303,434,20,64,1,55,65,107,2835,2262,428,20,64,1,3,57
160,0385055,3708860,Bunn,344,229,97,2,0,0,7,9,35,309,209,94,2,0,0,0,4
160,0385060,3708880,Bunnlevel,552,278,226,12,0,1,11,24,18,534,275,225,12,0,1,2,19
160,0385065,3708960,Burgaw,3872,2084,1534,32,17,4,137,64,280,3592,1972,1519,31,17,0,2,51
160,0385070,3709060,Burlington,49963,28760,13998,335,1027,35,4584,1224,7990,41973,26087,13808,162,1013,33,107,763
160,0385080,3709140,Burnsville,1693,1551,39,11,2,0,71,19,176,1517,1465,35,2,2,0,2,11
160,0385085,3709360,Butner,7591,4516,2286,51,65,0,495,178,1118,6473,4007,2259,17,65,0,5,120
160,0385090,3709380,Butters,294,275,13,0,0,0,4,2,8,286,274,12,0,0,0,0,0
160,0385095,3709400,Buxton,1273,1205,6,2,0,0,44,16,147,1126,1104,6,2,0,0,0,14
160,0385100,3709530,Cajah's Mountain,2823,2696,46,8,21,0,28,24,87,2736,2647,46,5,21,0,0,17
160,0385105,3709540,Calabash,1786,1542,106,7,0,2,100,29,259,1527,1409,87,5,0,2,5,19
160,0385110,3709760,Calypso,538,295,104,2,0,4,115,18,140,398,282,104,2,0,4,0,6
160,0385115,3709780,Camden,599,505,52,4,8,0,9,21,23,576,497,48,4,8,0,0,19
160,0385120,3709800,Cameron,285,203,64,6,1,0,0,11,6,279,203,64,0,1,0,0,11
160,0385125,3710120,Candor,840,460,90,16,3,0,242,29,341,499,391,90,10,3,0,0,5
160,0385130,3710240,Canton,4227,3956,77,28,5,0,90,71,211,4016,3848,77,24,5,0,2,60
160,0385135,3710260,Cape Carteret,1917,1826,22,12,34,1,5,17,31,1886,1802,22,12,33,1,0,16
160,0385140,3710460,Caroleen,652,537,65,2,0,0,27,21,40,612,528,65,2,0,0,0,17
160,0385145,3710500,Carolina Beach,5706,5483,41,40,22,3,36,81,94,5612,5435,41,37,22,2,4,71
160,0385150,3710550,Carolina Shores,3048,2923,49,9,15,3,22,27,65,2983,2889,46,8,15,3,0,22
160,0385156,3710620,Carrboro,19582,13891,1969,82,1596,8,1471,565,2706,16876,12794,1933,49,1585,7,78,430
160,0385163,3710680,Carthage,2205,1559,528,15,15,0,28,60,73,2132,1531,524,11,15,0,1,50
160,0385169,3710740,Cary,135234,98907,10787,559,17668,46,3760,3507,10364,124870,93202,10485,284,17620,39,334,2906
160,0385183,3710760,Casar,297,291,0,1,0,0,0,5,10,287,281,0,1,0,0,0,5
160,0385188,3710800,Cashiers,157,137,9,0,1,0,9,1,12,145,134,9,0,1,0,0,1
160,0385193,3710860,Castalia,268,139,101,6,5,0,10,7,24,244,135,101,0,4,0,0,4
160,0385198,3710880,Castle Hayne,1202,966,157,7,5,0,49,18,57,1145,956,157,7,5,0,5,15
160,0385203,3710960,Caswell Beach,398,387,0,2,3,0,5,1,7,391,386,0,1,3,0,0,1
160,0385208,3710980,Catawba,603,430,130,4,6,0,24,9,39,564,421,129,4,6,0,0,4
160,0385213,3711340,Cedar Point,1279,1195,15,10,12,0,18,29,35,1244,1181,15,7,12,0,4,25
160,0385218,3711352,Cedar Rock,300,299,0,0,0,0,1,0,5,295,294,0,0,0,0,1,0
160,0385223,3711560,Centerville,89,83,3,0,0,0,3,0,4,85,82,3,0,0,0,0,0
160,0385228,3711620,Cerro Gordo,207,164,22,12,0,0,4,5,6,201,161,22,12,0,0,1,5
160,0385233,3711640,Chadbourn,1856,709,1056,40,5,0,19,27,48,1808,694,1048,38,4,0,2,22
160,0385238,3711800,Chapel Hill,57233,41641,5530,176,6788,14,1536,1548,3638,53595,39777,5460,152,6775,11,138,1282
160,0385248,3712000,Charlotte,731424,365384,256241,3483,36403,581,49928,19404,95688,635736,329545,252007,2250,36115,436,1960,13423
160,0385268,3712140,Cherokee,2138,311,10,1627,24,0,25,141,114,2024,300,10,1570,24,0,1,119
160,0385274,3712340,Cherryville,5760,4903,592,13,39,0,119,94,215,5545,4825,592,12,39,0,2,75
160,0385279,3712460,Chimney Rock Village,113,111,1,0,0,0,0,1,0,113,111,1,0,0,0,0,1
160,0385284,3712480,China Grove,3563,2902,264,21,79,0,243,54,353,3210,2804,262,18,79,0,5,42
160,0385289,3712580,Chocowinity,820,474,307,4,5,0,12,18,25,795,468,306,2,5,0,0,14
160,0385294,3712720,Claremont,1352,1260,25,1,16,0,26,24,48,1304,1241,23,1,15,0,2,22
160,0385299,3712780,Clarkton,837,402,372,10,2,1,30,20,43,794,395,371,10,2,1,0,15
160,0385304,3712860,Clayton,16116,11195,3507,65,224,2,788,335,1725,14391,10430,3403,47,216,0,43,252
160,0385313,3712960,Clemmons,18627,15500,1255,48,690,5,842,287,1571,17056,14866,1234,18,686,2,30,220
160,0385318,3713000,Cleveland,871,583,210,2,18,0,27,31,57,814,562,208,2,18,0,0,24
160,0385323,3713100,Cliffside,611,553,30,4,0,0,19,5,25,586,551,25,4,0,0,1,5
160,0385328,3713240,Clinton,8639,4225,3500,103,95,4,525,187,791,7848,4021,3481,100,95,4,29,118
160,0385334,3713280,Clyde,1223,1159,24,10,5,0,17,8,37,1186,1140,24,10,5,0,0,7
160,0385339,3713360,Coats,2112,1527,257,20,5,0,242,61,346,1766,1442,256,19,5,0,4,40
160,0385344,3713460,Cofield,413,32,339,21,0,0,13,8,14,399,32,339,21,0,0,1,6
160,0385349,3713500,Coinjock,335,303,7,0,0,1,13,11,15,320,302,7,0,0,1,3,7
160,0385354,3713560,Colerain,204,184,13,0,0,0,6,1,10,194,180,13,0,0,0,0,1
160,0385359,3713940,Columbia,891,350,384,3,29,0,120,5,145,746,327,384,1,29,0,0,5
160,0385364,3713980,Columbus,999,812,36,29,7,0,91,24,154,845,782,36,2,7,0,1,17
160,0385369,3714060,Como,91,80,7,0,0,0,0,4,1,90,80,7,0,0,0,0,3
160,0385374,3714100,Concord,79066,55691,14110,274,2046,50,5088,1807,9754,69312,51843,13717,189,2018,47,160,1338
160,0385381,3714200,Conetoe,294,65,223,1,0,0,0,5,5,289,62,223,0,0,0,0,4
160,0385386,3714280,Connelly Springs,1669,1496,23,2,117,0,20,11,37,1632,1481,23,2,117,0,0,9
160,0385391,3714340,Conover,8165,6375,749,20,344,4,470,203,993,7172,5919,740,14,339,0,3,157
160,0385397,3714400,Conway,836,412,399,0,0,0,13,12,20,816,406,399,0,0,0,0,11
160,0385402,3714460,Cooleemee,960,780,80,8,2,0,58,32,74,886,769,79,8,2,0,0,28
160,0385407,3714600,Cordova,1775,1466,216,38,21,2,11,21,13,1762,1462,214,38,21,2,4,21
160,0385412,3714700,Cornelius,24866,21947,1445,72,560,8,448,386,1327,23539,21178,1408,66,554,8,21,304
160,0385418,3715020,Cove City,399,212,175,2,0,0,4,6,9,390,211,175,2,0,0,0,2
160,0385423,3715040,Cove Creek,1171,1129,5,2,5,0,14,16,41,1130,1106,5,2,5,0,0,12
160,0385428,3715260,Cramerton,4165,3795,177,25,93,1,13,61,54,4111,3757,176,25,93,1,0,59
160,0385434,3715320,Creedmoor,4124,2456,1450,25,34,3,71,85,208,3916,2350,1435,11,33,3,7,77
160,0385439,3715420,Creswell,276,116,120,0,0,0,33,7,32,244,116,120,0,0,0,1,7
160,0385444,3715440,Cricket,1855,1644,26,2,3,1,150,29,231,1624,1574,24,2,3,0,1,20
160,0385449,3715580,Crossnore,192,165,18,1,2,0,3,3,8,184,160,18,1,2,0,0,3
160,0385454,3715880,Cullowhee,6228,5346,442,41,75,2,215,107,318,5910,5269,434,41,73,2,5,86
160,0385459,3716180,Dallas,4488,3429,715,20,25,0,220,79,361,4127,3310,700,19,25,0,3,70
160,0385464,3716220,Dana,3329,2847,36,14,24,3,319,86,659,2670,2557,33,3,23,3,5,46
160,0385469,3716240,Danbury,189,172,11,0,1,0,3,2,9,180,168,11,0,1,0,0,0
160,0385474,3716400,Davidson,10944,9609,695,21,305,2,125,187,411,10533,9368,679,19,299,1,16,151
160,0385484,3716480,Davis,422,416,0,1,1,0,1,3,1,421,415,0,1,1,0,1,3
160,0385489,3716730,Deercroft,411,380,1,11,11,0,0,8,19,392,362,1,11,11,0,0,7
160,0385494,3716780,Delco,348,300,21,7,0,0,3,17,6,342,298,21,7,0,0,0,16
160,0385499,3716820,Dellview,13,10,1,0,0,0,2,0,0,13,10,1,0,0,0,2,0
160,0385504,3716860,Delway,203,122,53,0,0,0,25,3,50,153,100,53,0,0,0,0,0
160,0385509,3716980,Denton,1636,1610,2,2,0,0,5,17,17,1619,1599,2,0,0,0,3,15
160,0385514,3717000,Denver,2309,2153,55,21,14,0,39,27,87,2222,2100,55,20,14,0,8,25
160,0385519,3717180,Dillsboro,232,225,1,1,0,0,0,5,12,220,217,1,1,0,0,0,1
160,0385524,3717325,Dobbins Heights,866,92,733,10,3,6,5,17,14,852,91,729,10,3,6,0,13
160,0385529,3717340,Dobson,1586,1242,66,15,5,0,236,22,389,1197,1111,58,6,5,0,3,14
160,0385534,3717520,Dortches,935,666,226,2,5,0,20,16,35,900,649,226,2,5,0,2,16
160,0385541,3717660,Dover,401,174,222,3,0,0,0,2,0,401,174,222,3,0,0,0,2
160,0385546,3717860,Drexel,1858,1612,62,11,82,4,66,21,91,1767,1587,61,11,82,2,7,17
160,0385551,3718040,Dublin,338,226,66,5,0,0,31,10,37,301,221,66,5,0,0,0,9
160,0385556,3718060,Duck,369,355,0,1,4,0,6,3,10,359,351,0,1,4,0,0,3
160,0385561,3718300,Dundarrach,41,32,6,3,0,0,0,0,0,41,32,6,3,0,0,0,0
160,0385566,3718320,Dunn,9263,4653,3940,90,77,8,293,202,491,8772,4516,3909,86,76,4,13,168
160,0385571,3719000,Durham,228330,96932,93517,1161,11574,166,18915,6065,32459,195871,86519,92285,611,11478,129,616,4233
160,0385587,3719140,Earl,260,237,21,0,1,0,1,0,1,259,237,21,0,1,0,0,0
160,0385592,3719300,East Arcadia,487,21,439,10,0,0,0,17,9,478,17,435,10,0,0,0,16
160,0385597,3719320,East Bend,612,571,8,0,0,1,24,8,30,582,566,8,0,0,1,0,7
160,0385602,3719420,East Flat Rock,4995,4026,206,22,33,20,527,161,1121,3874,3509,194,19,29,20,6,97
160,0385608,3719620,East Laurinburg,300,180,61,45,0,0,0,14,4,296,177,61,45,0,0,0,13
160,0385613,3719740,Eastover,3628,2718,697,69,31,5,44,64,108,3520,2671,691,64,31,5,3,55
160,0385618,3719800,East Rockingham,3736,2620,626,132,22,7,233,96,395,3341,2515,612,117,22,1,2,72
160,0385623,3719860,East Spencer,1534,180,1281,9,0,0,21,43,37,1497,174,1278,3,0,0,2,40
160,0385628,3720080,Eden,15527,11058,3701,67,105,26,273,297,753,14774,10661,3662,63,105,21,16,246
160,0385633,3720120,Edenton,5004,2043,2742,5,26,2,119,67,171,4833,2011,2739,5,26,2,2,48
160,0385638,3720280,Edneyville,2367,1974,82,19,8,0,232,52,442,1925,1786,75,10,8,0,0,46
160,0385643,3720420,Efland,734,458,234,0,6,7,25,4,54,680,428,234,0,6,7,1,4
160,0385648,3720580,Elizabeth City,18683,7389,10090,67,229,10,469,429,943,17740,7026,10027,59,227,6,36,359
160,0385655,3720600,Elizabethtown,3583,1564,1828,17,25,0,91,58,148,3435,1528,1817,16,25,0,4,45
160,0385660,3720620,Elkin,4001,3121,255,9,31,1,523,61,713,3288,2992,216,1,31,1,10,37
160,0385668,3720700,Elk Park,452,419,1,6,0,0,16,10,40,412,405,1,3,0,0,0,3
160,0385673,3720780,Ellenboro,873,692,149,3,0,0,13,16,18,855,691,146,1,0,0,4,13
160,0385678,3720840,Ellerbe,1054,511,412,7,5,0,89,30,117,937,491,412,7,0,0,0,27
160,0385683,3720980,Elm City,1298,522,728,11,1,0,20,16,52,1246,500,725,11,1,0,1,8
160,0385688,3721095,Elon,9419,8166,803,14,184,3,101,148,246,9173,8023,799,12,182,3,16,138
160,0385693,3721120,Elrod,417,51,59,285,0,0,4,18,11,406,49,59,284,0,0,0,14
160,0385698,3721130,Elroy,3869,2479,847,19,65,3,354,102,583,3286,2296,841,8,65,3,19,54
160,0385706,3721160,Emerald Isle,3655,3536,22,8,28,6,19,36,72,3583,3483,21,7,28,6,5,33
160,0385711,3721360,Enfield,2532,298,2215,4,5,0,2,8,15,2517,295,2203,4,5,0,2,8
160,0385716,3721380,Engelhard,445,240,184,0,1,0,9,11,43,402,208,184,0,1,0,0,9
160,0385721,3721500,Enochville,2925,2739,38,2,23,0,101,22,173,2752,2672,38,2,21,0,0,19
160,0385726,3721740,Erwin,4405,3260,764,39,13,1,215,113,324,4081,3194,756,31,13,1,3,83
160,0385731,3721880,Etowah,6944,6486,75,11,65,1,184,122,373,6571,6302,75,11,65,1,7,110
160,0385737,3721960,Eureka,197,144,50,1,0,0,0,2,7,190,137,50,1,0,0,0,2
160,0385742,3722040,Everetts,164,111,44,0,2,0,2,5,4,160,109,44,0,2,0,0,5
160,0385747,3722080,Evergreen,420,216,199,0,0,0,3,2,3,417,215,199,0,0,0,2,1
160,0385752,3722240,Fair Bluff,951,319,605,5,0,0,15,7,20,931,314,605,5,0,0,0,7
160,0385757,3722280,Fairfield,258,146,112,0,0,0,0,0,0,258,146,112,0,0,0,0,0
160,0385762,3722305,Fairfield Harbour,2952,2791,103,4,15,1,15,23,52,2900,2757,102,3,14,1,3,20
160,0385767,3722360,Fairmont,2663,699,1493,358,5,0,36,72,51,2612,692,1492,355,5,0,2,66
160,0385772,3722380,Fairplains,2120,1613,275,5,4,0,163,60,289,1831,1512,270,0,4,0,10,35
160,0385777,3722440,Fairview,2678,2532,32,7,12,0,33,62,73,2605,2495,32,7,12,0,4,55
160,0385782,3722500,Fairview,3324,3239,31,7,11,0,24,12,45,3279,3221,31,4,11,0,1,11
160,0385787,3722560,Faison,961,504,124,2,1,0,299,31,370,591,458,123,2,1,0,0,7
160,0385795,3722600,Faith,807,776,13,0,0,0,14,4,22,785,768,13,0,0,0,0,4
160,0385800,3722620,Falcon,258,190,37,2,0,0,17,12,36,222,179,32,2,0,0,1,8
160,0385808,3722640,Falkland,96,67,18,0,2,0,5,4,10,86,62,18,0,2,0,0,4
160,0385813,3722720,Fallston,607,563,31,0,0,0,4,9,4,603,563,31,0,0,0,0,9
160,0385818,3722820,Farmville,4654,2238,2313,7,20,0,37,39,116,4538,2175,2299,7,20,0,5,32
160,0385824,3722920,Fayetteville,200564,91653,84040,2165,5291,896,6622,9897,20256,180308,82797,81768,1907,5147,823,466,7400
160,0385836,3722982,Fearrington Village,2339,2287,20,0,14,0,6,12,25,2314,2268,20,0,14,0,0,12
160,0385841,3723520,Five Points,689,393,209,21,7,0,20,39,52,637,369,206,21,7,0,3,31
160,0385846,3723600,Flat Rock,3114,3059,13,5,11,0,2,24,36,3078,3027,13,4,11,0,1,22
160,0385851,3723640,Flat Rock,1556,1335,101,5,8,0,86,21,127,1429,1303,100,5,8,0,0,13
160,0385856,3723760,Fletcher,7187,6345,296,35,220,7,143,141,346,6841,6165,293,27,218,7,8,123
160,0385861,3724080,Forest City,7476,5014,1792,17,64,0,369,220,675,6801,4752,1776,14,64,0,15,180
160,0385867,3724170,Forest Hills,365,336,15,2,3,0,5,4,18,347,323,15,2,3,0,0,4
160,0385872,3724198,Forest Oaks,3890,3170,591,12,29,0,34,54,77,3813,3143,584,11,29,0,9,37
160,0385877,3724380,Foscoe,1370,1327,4,3,4,0,14,18,81,1289,1260,4,3,4,0,2,16
160,0385882,3724440,Fountain,427,199,213,0,0,0,3,12,6,421,199,212,0,0,0,0,10
160,0385887,3724520,Four Oaks,1921,1340,337,17,4,0,166,57,271,1650,1272,326,10,4,0,0,38
160,0385892,3724570,Foxfire,902,810,77,3,4,0,3,5,6,896,806,77,3,4,0,1,5
160,0385897,3724640,Franklin,3845,3465,81,18,30,0,185,66,500,3345,3165,74,17,30,0,5,54
160,0385903,3724720,Franklinton,2023,1128,826,3,4,0,15,47,83,1940,1086,812,3,4,0,1,34
160,0385908,3724740,Franklinville,1164,887,123,0,0,0,133,21,286,878,742,115,0,0,0,7,14
160,0385913,3724900,Fremont,1255,599,589,8,3,0,24,32,44,1211,587,586,8,3,0,1,26
160,0385918,3725020,Frisco,200,197,0,0,1,0,0,2,2,198,195,0,0,1,0,0,2
160,0385923,3725160,Fruitland,2031,1893,21,11,5,12,44,45,219,1812,1744,21,9,5,12,0,21
160,0385928,3725300,Fuquay-Varina,17937,12967,3527,110,361,5,475,492,1738,16199,11920,3455,70,348,3,13,390
160,0385934,3725380,Gamewell,4051,3627,214,2,10,0,127,71,183,3868,3583,214,2,10,0,1,58
160,0385940,3725460,Garland,625,295,257,2,1,0,58,12,80,545,273,257,2,1,0,0,12
160,0385945,3725480,Garner,25745,14888,8468,140,474,12,1173,590,2561,23184,13789,8339,99,468,12,51,426
160,0385956,3725540,Garysburg,1057,25,1008,10,0,1,0,13,8,1049,25,1004,9,0,0,0,11
160,0385961,3725560,Gaston,1152,657,453,9,4,0,18,11,26,1126,649,453,9,4,0,0,11
160,0385966,3725580,Gastonia,71741,45199,19953,289,964,16,3708,1612,6901,64840,42614,19661,201,956,7,145,1256
160,0385974,3725680,Gatesville,321,252,66,0,0,0,0,3,0,321,252,66,0,0,0,0,3
160,0385979,3725880,Germanton,827,780,33,1,2,0,8,3,16,811,772,33,1,2,0,0,3
160,0385988,3725900,Gerton,254,242,5,3,1,0,1,2,1,253,242,5,3,1,0,0,2
160,0385993,3725940,Gibson,540,205,252,65,6,0,4,8,7,533,203,252,65,6,0,0,7
160,0385998,3725980,Gibsonville,6410,5090,934,14,71,5,197,99,378,6032,4929,927,14,70,3,5,84
160,0386006,3726200,Glen Alpine,1517,1334,49,3,88,0,12,31,33,1484,1316,48,3,88,0,0,29
160,0386011,3726460,Glen Raven,2750,2163,344,16,17,1,152,57,341,2409,2001,341,14,17,1,0,35
160,0386018,3726520,Glenville,110,104,0,0,0,0,6,0,14,96,96,0,0,0,0,0,0
160,0386023,3726680,Gloucester,537,528,0,1,2,0,1,5,4,533,525,0,1,2,0,0,5
160,0386028,3726740,Godwin,139,98,38,0,1,0,0,2,0,139,98,38,0,1,0,0,2
160,0386033,3726880,Goldsboro,36437,14295,19786,133,651,23,590,959,1583,34854,13628,19593,112,646,18,42,815
160,0386042,3726920,Goldston,268,245,15,0,1,0,1,6,9,259,239,15,0,1,0,0,4
160,0386047,3727120,Gorman,1011,617,136,5,6,0,230,17,266,745,585,136,5,6,0,5,8
160,0386052,3727280,Graham,14153,8908,3229,172,179,1,1329,335,2229,11924,8241,3191,74,171,0,25,222
160,0386059,3727320,Grandfather,25,25,0,0,0,0,0,0,0,25,25,0,0,0,0,0,0
160,0386064,3727420,Granite Falls,4722,4416,81,8,32,0,114,71,247,4475,4304,80,7,31,0,6,47
160,0386069,3727440,Granite Quarry,2930,2565,244,6,33,1,49,32,116,2814,2501,240,6,33,1,3,30
160,0386074,3727520,Grantsboro,688,567,70,5,4,0,30,12,39,649,565,67,5,3,0,0,9
160,0386079,3727780,Greenevers,634,54,519,0,1,0,50,10,55,579,49,518,0,1,0,2,9
160,0386084,3727870,Green Level,2100,454,1154,45,1,0,408,38,650,1450,280,1144,8,1,0,1,16
160,0386089,3728000,Greensboro,269666,130396,109586,1385,10772,157,10290,7080,20336,249330,122888,108233,1096,10711,128,703,5571
160,0386104,3728080,Greenville,84554,47579,31272,303,2025,34,1489,1852,3183,81371,46368,31010,265,1996,31,154,1547
160,0386113,3728200,Grifton,2617,1356,1069,2,1,0,127,62,253,2364,1250,1062,2,1,0,4,45
160,0386121,3728240,Grimesland,441,265,147,0,0,0,21,8,34,407,255,147,0,0,0,0,5
160,0386127,3728400,Grover,708,566,84,7,15,0,5,31,32,676,549,84,7,15,0,0,21
160,0386132,3728600,Gulf,144,139,5,0,0,0,0,0,0,144,139,5,0,0,0,0,0
160,0386137,3728900,Half Moon,8352,5689,1736,56,182,31,225,433,816,7536,5270,1675,52,163,30,21,325
160,0386143,3728920,Halifax,234,157,75,0,0,0,2,0,1,233,156,75,0,0,0,2,0
160,0386148,3729000,Hallsboro,465,174,265,7,2,0,9,8,15,450,168,265,7,2,0,0,8
160,0386153,3729120,Hamilton,408,154,243,1,1,2,1,6,4,404,154,243,1,1,0,0,5
160,0386158,3729160,Hamlet,6495,3587,2378,109,48,0,245,128,400,6095,3492,2351,90,48,0,8,106
160,0386163,3729180,Hampstead,4083,3751,199,7,19,0,54,53,133,3950,3673,198,5,19,0,12,43
160,0386168,3729560,Harkers Island,1207,1189,0,3,3,0,0,12,1,1206,1188,0,3,3,0,0,12
160,0386173,3729640,Harmony,531,470,29,7,0,0,21,4,52,479,447,29,1,0,0,0,2
160,0386178,3729680,Harrells,202,107,66,2,0,0,27,0,35,167,99,66,2,0,0,0,0
160,0386186,3729720,Harrellsville,106,81,25,0,0,0,0,0,0,106,81,25,0,0,0,0,0
160,0386191,3729800,Harrisburg,11526,8735,1892,52,522,0,100,225,421,11105,8455,1870,47,522,0,30,181
160,0386197,3730040,Hassell,84,35,49,0,0,0,0,0,0,84,35,49,0,0,0,0,0
160,0386202,3730100,Hatteras,504,495,1,0,0,0,0,8,14,490,487,1,0,0,0,0,2
160,0386207,3730120,Havelock,20735,14513,3611,155,599,68,824,965,2413,18322,13280,3475,130,580,60,46,751
160,0386214,3730260,Haw River,2298,1744,213,10,21,0,264,46,369,1929,1662,209,10,21,0,0,27
160,0386221,3730280,Hayesville,311,303,0,3,0,0,3,2,7,304,299,0,3,0,0,0,2
160,0386226,3730340,Hays,1851,1781,10,0,3,3,33,21,55,1796,1767,10,0,3,2,0,14
160,0386231,3730620,Hemby Bridge,1520,1342,110,14,18,0,16,20,67,1453,1299,105,14,18,0,2,15
160,0386236,3730660,Henderson,15368,4611,9842,48,127,0,528,212,982,14386,4290,9748,37,127,0,16,168
160,0386243,3730720,Hendersonville,13137,10475,1203,59,154,41,912,293,1774,11363,9738,1183,32,150,35,26,199
160,0386249,3730800,Henrietta,461,353,66,0,2,0,29,11,50,411,334,66,0,1,0,0,10
160,0386254,3730900,Hertford,2143,997,1031,3,8,0,74,30,102,2041,982,1024,3,8,0,2,22
160,0386259,3731060,Hickory,40010,29948,5707,131,1262,15,2050,897,4544,35466,27750,5638,76,1255,9,50,688
160,0386270,3731260,Hiddenite,536,503,2,0,0,0,26,5,37,499,493,2,0,0,0,0,4
160,0386275,3731360,Highlands,924,871,0,2,6,0,28,17,53,871,847,0,2,6,0,2,14
160,0386282,3731400,High Point,104371,55989,34394,579,6345,45,4573,2446,8847,95524,52612,33983,436,6302,38,279,1874
160,0386302,3731440,High Shoals,696,598,51,10,2,0,13,22,29,667,585,50,8,2,0,0,22
160,0386307,3731490,Hightsville,739,461,245,11,2,0,5,15,19,720,448,245,11,2,0,1,13
160,0386312,3731500,Hildebran,2023,1858,33,8,74,1,30,19,48,1975,1845,33,8,74,1,0,14
160,0386317,3731620,Hillsborough,6087,3830,1793,38,101,2,198,125,404,5683,3649,1777,31,101,1,13,111
160,0386322,3731660,Hillsdale,984,877,64,0,24,0,6,13,33,951,856,64,0,23,0,1,7
160,0386327,3731860,Hobgood,348,166,174,0,0,0,6,2,14,334,160,172,0,0,0,0,2
160,0386332,3731880,Hobucken,129,127,0,0,0,0,1,1,1,128,127,0,0,0,0,0,1
160,0386337,3731920,Hoffman,588,219,331,24,4,0,3,7,16,572,206,329,24,4,0,2,7
160,0386342,3731960,Holden Beach,575,557,5,1,0,0,8,4,14,561,551,5,1,0,0,0,4
160,0386347,3732100,Hollister,674,22,160,475,0,0,3,14,22,652,22,160,458,0,0,0,12
160,0386352,3732180,Holly Ridge,1268,1083,108,2,13,1,22,39,71,1197,1037,107,2,13,1,1,36
160,0386357,3732260,Holly Springs,24661,19674,3101,103,724,13,432,614,1544,23117,18703,3053,75,717,13,46,510
160,0386362,3732540,Hookerton,409,197,153,1,5,0,49,4,55,354,190,153,1,5,0,1,4
160,0386367,3732580,Hoopers Creek,1056,1018,5,5,3,0,4,21,22,1034,1004,4,5,3,0,0,18
160,0386372,3732640,Hope Mills,15176,9392,4025,294,275,39,446,705,1519,13657,8633,3885,269,267,32,36,535
160,0386380,3732740,Horse Shoe,2351,2261,18,17,5,3,24,23,63,2288,2227,18,14,4,3,0,22
160,0386385,3732840,Hot Springs,560,548,1,0,0,0,2,9,13,547,540,1,0,0,0,0,6
160,0386390,3732980,Hudson,3776,3530,71,12,8,3,111,41,218,3558,3446,67,5,8,3,3,26
160,0386395,3733120,Huntersville,46773,38730,4404,163,1250,19,1239,968,3441,43332,36791,4320,107,1234,17,91,772
160,0386402,3733320,Icard,2664,2478,14,0,72,0,83,17,107,2557,2456,14,0,72,0,0,15
160,0386407,3733460,Indian Beach,112,109,1,0,1,0,0,1,0,112,109,1,0,1,0,0,1
160,0386412,3733560,Indian Trail,33518,27160,3341,179,589,9,1481,759,3658,29860,25220,3241,149,586,8,107,549
160,0386418,3733640,Ingold,471,167,118,0,5,0,177,4,195,276,155,118,0,0,0,0,3
160,0386423,3733820,Iron Station,755,670,49,5,4,3,10,14,25,730,655,48,5,3,0,5,14
160,0386428,3733940,Ivanhoe,264,69,187,0,0,0,7,1,12,252,66,185,0,0,0,0,1
160,0386433,3733993,JAARS,597,580,9,0,1,2,3,2,7,590,574,9,0,1,2,2,2
160,0386438,3734000,Jackson,513,289,219,1,0,0,3,1,5,508,287,219,1,0,0,0,1
160,0386443,3734038,Jackson Heights,1141,858,230,2,0,0,37,14,78,1063,817,230,2,0,0,0,14
160,0386449,3734200,Jacksonville,70145,47460,14055,502,1748,208,2865,3307,9106,61039,42797,13453,390,1653,184,130,2432
160,0386455,3734260,James City,5899,4711,796,21,64,4,160,143,347,5552,4564,790,17,62,2,6,111
160,0386462,3734300,Jamestown,3382,2726,461,14,85,2,39,55,107,3275,2670,457,13,84,2,10,39
160,0386468,3734320,Jamesville,491,301,171,0,2,0,3,14,12,479,295,170,0,2,0,1,11
160,0386473,3734440,Jefferson,1611,1459,20,1,17,0,99,15,146,1465,1415,20,1,17,0,1,11
160,0386478,3734840,Jonesville,2285,1864,263,4,2,0,85,67,167,2118,1797,260,3,2,0,0,56
160,0386483,3735200,Kannapolis,42625,29214,8659,144,487,12,3087,1022,5166,37459,27574,8527,113,470,8,50,717
160,0386494,3735340,Keener,567,375,83,9,1,6,85,8,105,462,363,83,8,1,1,1,5
160,0386499,3735360,Kelford,251,58,190,0,0,0,0,3,0,251,58,190,0,0,0,0,3
160,0386504,3735440,Kelly,544,294,234,5,0,0,4,7,12,532,289,234,5,0,0,0,4
160,0386509,3735460,Kenansville,855,495,323,5,9,0,12,11,33,822,482,320,5,9,0,0,6
160,0386514,3735540,Kenly,1339,783,472,9,9,0,55,11,108,1231,739,469,6,8,0,1,8
160,0386523,3735600,Kernersville,23123,17979,2905,106,446,6,1139,542,2246,20877,17103,2866,67,436,3,31,371
160,0386536,3735720,Kill Devil Hills,6683,6000,82,35,92,5,326,143,608,6075,5755,77,26,92,3,5,117
160,0386541,3735760,King,6904,6569,132,18,52,0,66,67,199,6705,6444,130,18,52,0,13,48
160,0386549,3735870,Kings Grant,8113,6315,1163,56,88,11,326,154,555,7558,6113,1150,43,88,10,16,138
160,0386555,3735880,Kings Mountain,10296,7511,2315,22,161,1,112,174,268,10028,7378,2307,19,158,1,18,147
160,0386565,3735890,Kingstown,681,55,607,1,6,0,5,7,7,674,53,607,1,6,0,0,7
160,0386571,3735920,Kinston,21677,6211,14749,50,152,12,225,278,512,21165,6022,14673,41,146,12,28,243
160,0386578,3736020,Kittrell,467,141,312,0,1,1,5,7,9,458,140,312,0,1,1,0,4
160,0386583,3736060,Kitty Hawk,3272,3151,35,5,27,2,16,36,96,3176,3078,28,5,27,2,1,35
160,0386588,3736080,Knightdale,11401,5698,4368,66,193,6,670,400,1299,10102,5235,4318,44,187,5,25,288
160,0386594,3736220,Kure Beach,2012,1952,17,7,12,0,7,17,36,1976,1923,15,7,12,0,4,15
160,0386599,3736400,La Grange,2873,1164,1591,6,20,2,58,32,97,2776,1136,1587,5,20,1,2,25
160,0386604,3736480,Lake Junaluska,2734,2675,8,14,9,1,14,13,47,2687,2642,8,14,9,0,2,12
160,0386609,3736500,Lake Lure,1192,1148,19,2,7,1,3,12,19,1173,1130,19,2,7,1,2,12
160,0386614,3736511,Lake Norman of Catawba,7411,7037,182,12,51,2,39,88,149,7262,6945,182,12,51,1,4,67
160,0386619,3736512,Lake Park,3422,2970,239,17,65,0,55,76,177,3245,2860,236,16,65,0,6,62
160,0386624,3736513,Lake Royale,2506,2058,363,17,12,0,15,41,57,2449,2022,356,17,12,0,3,39
160,0386629,3736514,Lake Santeetlah,45,41,0,1,0,0,3,0,4,41,41,0,0,0,0,0,0
160,0386634,3736640,Lake Waccamaw,1480,1197,198,58,2,0,6,19,18,1462,1192,196,55,2,0,0,17
160,0386639,3736860,Landis,3109,2857,101,16,17,0,92,26,241,2868,2721,100,15,17,0,2,13
160,0386646,3736960,Lansing,158,149,2,0,0,1,1,5,1,157,149,2,0,0,1,0,5
160,0386651,3737000,Lasker,122,93,18,0,4,0,4,3,4,118,93,18,0,4,0,0,3
160,0386656,3737040,Lattimore,488,462,15,0,3,0,4,4,15,473,449,15,0,3,0,2,4
160,0386661,3737120,Laurel Hill,1254,817,267,135,6,0,7,22,14,1240,809,267,134,6,0,2,22
160,0386666,3737160,Laurel Park,2180,2097,34,3,7,2,18,19,57,2123,2066,32,3,7,2,2,11
160,0386672,3737220,Laurinburg,15962,6861,7470,971,155,6,176,323,326,15636,6767,7447,949,155,5,12,301
160,0386678,3737260,Lawndale,606,480,93,0,1,0,19,13,29,577,473,93,0,1,0,0,10
160,0386683,3737640,Leggett,60,40,17,0,0,0,0,3,0,60,40,17,0,0,0,0,3
160,0386688,3737680,Leland,13527,11343,1356,83,201,2,268,274,662,12865,11020,1342,72,195,0,24,212
160,0386693,3737760,Lenoir,18228,14282,2311,76,155,12,955,437,1640,16588,13776,2277,37,152,5,24,317
160,0386699,3738030,Lewiston Woodville,549,77,448,3,7,6,6,2,11,538,77,448,3,7,0,1,2
160,0386704,3738040,Lewisville,12639,11408,635,38,215,5,141,197,429,12210,11162,631,29,214,2,14,158
160,0386710,3738060,Lexington,18931,10358,5377,126,554,1,2027,488,3082,15849,9424,5331,93,549,1,81,370
160,0386717,3738100,Liberty,2656,1789,541,28,6,0,194,98,383,2273,1656,533,14,6,0,2,62
160,0386722,3738170,Light Oak,691,181,506,2,0,0,2,0,13,678,170,506,2,0,0,0,0
160,0386727,3738200,Lilesville,536,257,265,1,1,0,4,8,4,532,257,265,1,1,0,0,8
160,0386732,3738220,Lillington,3194,1710,1272,30,29,9,92,52,280,2914,1541,1261,30,29,9,5,39
160,0386737,3738320,Lincolnton,10486,8029,1433,32,58,0,642,292,1683,8803,7135,1394,29,54,0,23,168
160,0386742,3738360,Linden,130,100,16,4,1,0,7,2,7,123,100,16,4,1,0,0,2
160,0386747,3738680,Littleton,674,326,317,8,3,3,10,7,8,666,324,317,8,3,3,4,7
160,0386752,3738860,Locust,2930,2740,67,4,20,0,77,22,177,2753,2640,66,4,20,0,3,20
160,0386760,3739280,Long View,4871,3629,554,19,242,1,279,147,515,4356,3425,547,15,238,1,2,128
160,0386768,3739360,Louisburg,3359,1588,1575,11,29,0,99,57,185,3174,1524,1564,9,29,0,5,43
160,0386773,3739420,Love Valley,90,79,0,0,0,0,8,3,9,81,79,0,0,0,0,0,2
160,0386778,3739480,Lowell,3526,3030,308,18,35,5,86,44,200,3326,2935,300,18,35,2,8,28
160,0386783,3739520,Lowesville,2945,2713,136,17,21,0,29,29,73,2872,2669,134,16,21,0,6,26
160,0386788,3739540,Lowgap,324,309,3,0,0,0,9,3,13,311,305,3,0,0,0,0,3
160,0386793,3739600,Lucama,1108,540,276,7,0,2,263,20,307,801,503,276,7,0,2,2,11
160,0386798,3739680,Lumber Bridge,94,71,15,4,1,0,3,0,3,91,71,15,4,1,0,0,0
160,0386803,3739700,Lumberton,21542,8794,8005,2820,519,42,790,572,1451,20091,8411,7914,2738,512,25,15,476
160,0386810,3739880,McAdenville,651,581,14,10,6,1,25,14,37,614,576,14,8,6,1,2,7
160,0386815,3739960,Macclesfield,471,371,66,0,9,0,11,14,13,458,371,66,0,9,0,0,12
160,0386820,3740140,McDonald,113,46,19,45,0,0,1,2,0,113,46,19,45,0,0,1,2
160,0386825,3740240,McFarlan,117,74,27,1,0,0,15,0,22,95,67,27,1,0,0,0,0
160,0386830,3740460,McLeansville,1021,957,43,2,6,0,6,7,34,987,930,43,2,5,0,0,7
160,0386835,3740540,Macon,119,101,16,1,0,0,0,1,0,119,101,16,1,0,0,0,1
160,0386840,3740560,Madison,2246,1463,655,13,3,1,52,59,115,2131,1406,653,13,3,1,2,53
160,0386845,3740600,Maggie Valley,1150,1065,7,9,21,0,37,11,61,1089,1042,7,9,21,0,0,10
160,0386851,3740640,Magnolia,939,322,316,8,3,2,271,17,378,561,223,314,6,3,2,2,11
160,0386856,3740660,Maiden,3310,2767,374,15,42,0,62,50,205,3105,2653,367,14,42,0,3,26
160,0386864,3740860,Mamers,826,756,24,16,4,2,16,8,60,766,720,24,8,4,2,0,8
160,0386869,3740980,Manns Harbor,821,732,6,4,4,0,58,17,102,719,689,6,4,4,0,0,16
160,0386874,3741060,Manteo,1434,1215,121,12,5,0,38,43,129,1305,1136,118,12,5,0,1,33
160,0386879,3741220,Marble,321,311,0,6,0,0,0,4,2,319,311,0,6,0,0,0,2
160,0386884,3741380,Marietta,175,74,99,0,0,0,0,2,0,175,74,99,0,0,0,0,2
160,0386889,3741420,Marion,7838,5999,872,40,59,0,714,154,1028,6810,5748,846,29,57,0,11,119
160,0386894,3741540,Mar-Mac,3615,2056,1072,10,43,1,349,84,497,3118,1943,1043,8,41,1,13,69
160,0386899,3741580,Marshall,872,850,0,7,1,1,0,13,12,860,840,0,6,1,1,0,12
160,0386904,3741600,Marshallberg,403,394,0,0,6,0,0,3,1,402,394,0,0,6,0,0,2
160,0386909,3741620,Mars Hill,1869,1628,168,4,18,3,12,36,64,1805,1580,163,4,18,3,5,32
160,0386914,3741640,Marshville,2402,1153,1089,14,5,0,95,46,278,2124,1013,1064,6,5,0,2,34
160,0386919,3741720,Marvin,5579,4810,316,10,300,1,54,88,186,5393,4666,308,9,300,1,28,81
160,0386924,3741960,Matthews,27198,22235,2609,90,1155,9,585,515,1579,25619,21344,2555,79,1148,8,74,411
160,0386933,3742000,Maury,1685,734,849,13,6,1,71,11,193,1492,621,844,13,6,1,1,6
160,0386938,3742020,Maxton,2426,466,1578,336,3,0,15,28,43,2383,446,1576,329,3,0,2,27
160,0386946,3742060,Mayodan,2478,2125,255,11,5,2,44,36,99,2379,2080,249,11,5,2,2,30
160,0386951,3742100,Maysville,1019,461,497,7,7,0,13,34,48,971,438,491,6,7,0,2,27
160,0386956,3742240,Mebane,11393,8378,2324,52,142,13,187,297,684,10709,7995,2298,29,140,13,21,213
160,0386966,3742480,Mesic,220,86,133,0,0,0,1,0,0,220,86,133,0,0,0,1,0
160,0386971,3742620,Micro,441,345,55,0,1,0,37,3,42,399,341,54,0,1,0,0,3
160,0386976,3742640,Middleburg,133,39,85,0,0,0,4,5,4,129,39,85,0,0,0,0,5
160,0386981,3742700,Middlesex,822,433,243,6,0,1,119,20,133,689,419,243,6,0,0,1,20
160,0386986,3742760,Midland,3073,2763,192,8,27,0,27,56,109,2964,2696,188,8,27,0,2,43
160,0386995,3742860,Midway,4679,4129,382,17,24,3,81,43,163,4516,4061,380,9,24,3,1,38
160,0387002,3743160,Millers Creek,2112,1991,19,2,2,0,66,32,96,2016,1967,18,2,2,0,1,26
160,0387007,3743200,Millingport,599,581,4,1,10,0,1,2,12,587,572,4,1,10,0,0,0
160,0387012,3743260,Mills River,6802,6442,116,19,49,0,78,98,265,6537,6287,115,15,47,0,11,62
160,0387017,3743300,Milton,166,85,77,0,0,0,0,4,0,166,85,77,0,0,0,0,4
160,0387022,3743360,Mineral Springs,2639,2162,366,12,14,0,43,42,121,2518,2096,366,9,14,0,2,31
160,0387027,3743440,Minnesott Beach,440,415,8,1,5,0,5,6,31,409,389,8,1,5,0,0,6
160,0387032,3743480,Mint Hill,22722,17818,2804,139,576,6,927,452,1883,20839,17016,2735,113,559,6,54,356
160,0387039,3743580,Misenheimer,728,637,52,2,10,0,11,16,31,697,619,51,2,9,0,1,15
160,0387044,3743720,Mocksville,5051,3734,736,31,41,1,337,171,607,4444,3522,726,12,37,1,6,140
160,0387049,3743860,Momeyer,224,199,19,0,0,2,1,3,1,223,199,19,0,0,2,0,3
160,0387054,3743880,Moncure,711,385,260,3,2,0,49,12,68,643,369,259,3,2,0,0,10
160,0387059,3743920,Monroe,32797,17063,8274,204,301,7,6106,842,9651,23146,14149,8142,92,287,4,49,423
160,0387066,3744100,Montreat,723,660,37,0,5,1,10,10,20,703,654,36,0,5,1,1,6
160,0387071,3744160,Mooresboro,311,252,52,2,1,0,1,3,3,308,250,52,2,1,0,0,3
160,0387076,3744220,Mooresville,32711,26229,3567,162,1073,12,874,794,2252,30459,25074,3507,122,1068,10,42,636
160,0387083,3744280,Moravian Falls,1901,1467,94,10,14,0,272,44,493,1408,1262,93,8,14,0,2,29
160,0387088,3744320,Morehead City,8661,7102,931,46,136,21,207,218,598,8063,6746,920,39,136,20,18,184
160,0387093,3744400,Morganton,16918,11854,2057,144,399,250,1730,484,2777,14141,11240,2020,34,391,136,27,293
160,0387098,3744520,Morrisville,18576,10030,2402,75,5058,12,375,624,1092,17484,9417,2352,71,5051,12,36,545
160,0387106,3744560,Morven,511,101,381,2,0,0,11,16,15,496,101,381,2,0,0,0,12
160,0387111,3744700,Mountain Home,3622,3244,112,24,52,24,100,66,310,3312,3047,109,17,52,24,1,62
160,0387116,3744770,Mountain View,3552,3049,289,7,96,4,52,55,149,3403,2963,286,2,91,3,6,52
160,0387121,3744800,Mount Airy,10388,8741,856,29,148,6,380,228,699,9689,8484,846,29,147,3,2,178
160,0387127,3744900,Mount Gilead,1181,487,661,1,8,0,6,18,14,1167,484,657,0,8,0,1,17
160,0387132,3744960,Mount Holly,13656,10979,1735,53,332,7,331,219,749,12907,10588,1717,39,331,7,27,198
160,0387138,3745100,Mount Olive,4589,1856,2317,37,20,1,280,78,423,4166,1769,2306,18,12,1,8,52
160,0387149,3745140,Mount Pleasant,1652,1558,66,1,11,0,9,7,29,1623,1543,61,1,11,0,0,7
160,0387154,3745460,Moyock,3759,3325,259,14,45,8,34,74,134,3625,3255,255,14,38,7,0,56
160,0387159,3745560,Mulberry,2332,2229,23,1,8,0,57,14,90,2242,2193,23,1,8,0,6,11
160,0387164,3745640,Murfreesboro,2835,1274,1444,7,27,1,43,39,83,2752,1245,1424,7,27,1,19,29
160,0387169,3745660,Murphy,1627,1425,67,40,34,0,22,39,68,1559,1383,66,39,34,0,3,34
160,0387174,3745720,Murraysville,14215,11314,1943,45,276,8,332,297,748,13467,10974,1922,36,274,7,23,231
160,0387180,3745840,Myrtle Grove,8875,8254,285,29,103,7,72,125,184,8691,8149,279,29,102,7,21,104
160,0387185,3745880,Nags Head,2757,2608,44,15,9,1,39,41,89,2668,2561,43,14,9,1,2,38
160,0387190,3746000,Nashville,5352,2742,2437,32,22,1,46,72,86,5266,2723,2423,31,22,1,2,64
160,0387196,3746060,Navassa,1505,408,957,8,2,0,73,57,150,1355,351,942,7,2,0,2,51
160,0387201,3746280,Neuse Forest,2005,1725,133,3,58,5,16,65,109,1896,1646,131,3,57,4,1,54
160,0387206,3746340,New Bern,29524,17099,9790,108,1054,34,733,706,1712,27812,16400,9679,82,1049,23,22,557
160,0387213,3746740,Newland,698,620,6,6,3,4,53,6,71,627,604,6,6,3,1,3,4
160,0387218,3746820,New London,600,540,29,2,23,0,5,1,5,595,540,29,2,23,0,0,1
160,0387223,3746860,Newport,4150,3391,470,22,70,4,62,131,194,3956,3294,463,18,69,4,7,101
160,0387228,3747000,Newton,12968,9551,1804,47,427,2,806,331,1678,11290,8805,1775,30,426,1,23,230
160,0387234,3747020,Newton Grove,569,408,61,6,5,0,86,3,86,483,404,60,6,5,0,6,2
160,0387239,3747240,Norlina,1118,542,505,2,4,0,42,23,70,1048,515,504,1,4,0,4,20
160,0387244,3747260,Norman,138,82,27,8,0,0,20,1,33,105,73,23,8,0,0,0,1
160,0387249,3747485,Northchase,3747,2944,574,28,64,0,48,89,158,3589,2861,561,27,64,0,7,69
160,0387254,3747695,Northlakes,1534,1487,11,2,19,0,3,12,29,1505,1464,11,2,19,0,0,9
160,0387259,3747845,North Topsail Beach,743,701,13,4,10,3,8,4,24,719,687,11,4,10,3,0,4
160,0387264,3747860,Northwest,735,220,490,0,2,0,12,11,24,711,210,490,0,2,0,0,9
160,0387269,3747880,North Wilkesboro,4245,3099,578,17,26,1,431,93,556,3689,2987,569,13,25,1,18,76
160,0387274,3747980,Norwood,2379,1704,522,20,16,0,90,27,121,2258,1677,521,20,12,0,3,25
160,0387279,3748040,Oakboro,1859,1466,240,14,7,0,111,21,146,1713,1438,240,9,7,0,4,15
160,0387284,3748060,Oak City,317,119,191,1,0,0,5,1,6,311,119,187,1,0,0,3,1
160,0387289,3748345,Oak Island,6783,6560,44,41,19,2,38,79,96,6687,6506,44,39,19,2,9,68
160,0387294,3748480,Oak Ridge,6185,5499,319,24,208,1,70,64,186,5999,5379,318,23,208,1,19,51
160,0387299,3748700,Ocean Isle Beach,550,529,1,0,7,0,9,4,19,531,522,1,0,7,0,0,1
160,0387304,3748740,Ocracoke,948,906,15,4,2,0,15,6,181,767,740,15,4,2,0,0,6
160,0387309,3748790,Ogden,6766,6388,120,24,75,3,46,110,175,6591,6287,118,19,73,2,1,91
160,0387315,3748920,Old Fort,908,761,123,1,3,0,8,12,26,882,746,123,1,3,0,1,8
160,0387320,3748940,Old Hundred,287,150,50,50,0,0,10,27,16,271,148,47,48,0,0,4,24
160,0387325,3749380,Oriental,900,832,51,1,3,0,2,11,10,890,823,51,1,3,0,1,11
160,0387330,3749460,Orrum,91,53,24,5,0,0,9,0,13,78,49,24,5,0,0,0,0
160,0387335,3749600,Ossipee,543,462,57,0,1,0,15,8,21,522,457,56,0,1,0,0,8
160,0387340,3749800,Oxford,8461,3265,4704,36,92,0,212,152,405,8056,3137,4681,20,92,0,3,123
160,0387346,3750080,Pantego,179,129,37,12,0,0,0,1,16,163,119,34,9,0,0,0,1
160,0387351,3750340,Parkton,436,315,66,24,3,0,24,4,31,405,312,66,24,3,0,0,0
160,0387356,3750540,Parmele,278,24,254,0,0,0,0,0,0,278,24,254,0,0,0,0,0
160,0387361,3750700,Patterson Springs,622,542,54,0,2,0,5,19,15,607,536,51,0,2,0,0,18
160,0387366,3750820,Peachland,437,272,149,2,1,0,4,9,4,433,272,149,2,1,0,0,9
160,0387371,3751040,Peletier,644,594,8,4,3,3,21,11,39,605,577,8,3,3,3,0,11
160,0387376,3751080,Pembroke,2973,489,367,1975,17,6,18,101,65,2908,471,363,1954,17,6,5,92
160,0387381,3751780,Pikeville,678,589,55,6,2,0,17,9,32,646,583,54,2,2,0,0,5
160,0387386,3751820,Pilot Mountain,1477,1316,96,6,13,1,21,24,49,1428,1295,95,6,13,1,3,15
160,0387391,3751840,Pinebluff,1337,1086,158,21,7,0,30,35,79,1258,1048,151,21,7,0,5,26
160,0387396,3751940,Pinehurst,13124,12182,494,53,167,1,69,158,279,12845,11993,492,53,164,1,11,131
160,0387401,3752000,Pine Knoll Shores,1339,1289,10,1,14,3,9,13,14,1325,1283,10,1,14,3,3,11
160,0387406,3752020,Pine Level,1700,1245,259,12,2,0,154,28,220,1480,1195,255,9,2,0,3,16
160,0387412,3752140,Pinetops,1374,470,896,3,0,0,0,5,4,1370,466,896,3,0,0,0,5
160,0387417,3752160,Pinetown,155,151,0,0,0,0,4,0,11,144,144,0,0,0,0,0,0
160,0387422,3752220,Pineville,7479,4641,1664,39,258,9,664,204,1507,5972,3908,1621,30,252,9,32,120
160,0387431,3752260,Piney Green,13293,8420,2978,96,374,57,561,807,1628,11665,7674,2884,72,361,50,25,599
160,0387436,3752400,Pink Hill,552,306,159,0,0,0,83,4,112,440,287,151,0,0,0,0,2
160,0387441,3752500,Pinnacle,894,814,59,1,8,0,5,7,12,882,807,59,1,8,0,0,7
160,0387446,3752660,Pittsboro,3743,2703,731,13,68,0,138,90,332,3411,2541,713,12,68,0,3,74
160,0387451,3752685,Plain View,1961,1519,322,22,27,0,44,27,98,1863,1474,315,22,27,0,0,25
160,0387456,3752760,Pleasant Garden,4489,3727,479,28,31,2,145,77,213,4276,3674,473,23,30,2,3,71
160,0387462,3752920,Pleasant Hill,878,847,8,0,1,0,15,7,30,848,834,6,0,1,0,0,7
160,0387467,3753040,Plymouth,3878,1133,2653,15,15,0,24,38,45,3833,1119,2647,15,15,0,2,35
160,0387472,3753140,Polkton,3375,1136,2060,54,21,1,71,32,278,3097,935,2051,54,20,1,9,27
160,0387477,3753160,Polkville,545,526,9,0,1,1,0,8,21,524,505,9,0,1,1,0,8
160,0387482,3753200,Pollocksville,311,213,89,4,0,0,2,3,3,308,212,89,4,0,0,2,1
160,0387487,3753475,Porters Neck,6204,5716,239,11,123,1,35,79,137,6067,5626,236,10,122,1,7,65
160,0387492,3753580,Potters Hill,481,467,0,0,0,0,7,7,13,468,467,0,0,0,0,0,1
160,0387497,3753680,Powellsville,276,103,164,3,0,0,6,0,10,266,99,164,3,0,0,0,0
160,0387502,3753820,Princeton,1194,802,305,9,11,0,47,20,71,1123,783,305,9,11,0,0,15
160,0387507,3753840,Princeville,2082,54,2005,0,1,0,16,6,16,2066,54,2005,0,1,0,0,6
160,0387512,3753900,Proctorville,117,86,22,6,0,0,0,3,0,117,86,22,6,0,0,0,3
160,0387517,3753950,Prospect,981,38,9,913,0,0,8,13,14,967,38,9,907,0,0,0,13
160,0387522,3754160,Pumpkin Center,2222,1525,385,16,74,23,63,136,225,1997,1424,366,9,72,23,1,102
160,0387527,3754580,Raeford,4611,2009,1897,200,44,5,286,170,442,4169,1920,1880,183,42,4,2,138
160,0387532,3754600,Raemon,282,44,15,222,0,0,0,1,0,282,44,15,222,0,0,0,1
160,0387537,3755000,Raleigh,403892,232377,118471,1963,17434,173,22942,10532,45868,358024,215204,115976,1019,17309,139,828,7549
160,0387557,3755040,Ramseur,1692,1279,214,17,23,0,109,50,258,1434,1160,211,5,23,0,0,35
160,0387562,3755080,Randleman,4113,3550,241,25,18,0,199,80,313,3800,3473,225,25,18,0,5,54
160,0387567,3755260,Ranlo,3434,2580,545,27,62,0,141,79,249,3185,2488,534,27,62,0,13,61
160,0387573,3755340,Raynham,72,38,13,13,5,0,3,0,3,69,38,13,13,5,0,0,0
160,0387578,3755460,Red Cross,742,714,10,0,5,0,10,3,24,718,700,10,0,5,0,0,3
160,0387583,3755640,Red Oak,3430,2990,332,30,17,0,31,30,59,3371,2961,331,30,17,0,9,23
160,0387590,3755660,Red Springs,3428,1104,1673,430,14,1,122,84,219,3209,1044,1663,422,14,1,5,60
160,0387598,3755900,Reidsville,14520,7607,6082,49,92,3,387,300,683,13837,7389,6046,38,88,2,17,257
160,0387603,3755940,Rennert,383,58,106,166,1,0,36,16,93,290,34,106,146,0,0,0,4
160,0387608,3756100,Rex,55,32,4,15,0,0,3,1,3,52,32,4,15,0,0,0,1
160,0387614,3756240,Rhodhiss,1070,993,9,1,17,3,30,17,49,1021,985,4,1,17,0,2,12
160,0387621,3756340,Richfield,613,506,54,8,33,0,4,8,4,609,506,54,8,33,0,0,8
160,0387626,3756360,Richlands,1520,1123,276,4,15,2,28,72,125,1395,1052,268,4,15,2,1,53
160,0387631,3756440,Rich Square,958,344,600,4,0,0,0,10,14,944,340,597,4,0,0,0,3
160,0387636,3756600,Riegelwood,579,410,144,7,0,0,2,16,31,548,389,139,7,0,0,0,13
160,0387641,3756710,River Bend,3119,2752,269,12,31,2,11,42,80,3039,2696,268,4,30,2,3,36
160,0387647,3756815,River Road,4394,2660,999,42,6,9,634,44,875,3519,2506,974,10,6,0,8,15
160,0387652,3756900,Roanoke Rapids,15754,10016,4912,91,267,5,260,203,502,15252,9851,4871,77,264,2,17,170
160,0387658,3757000,Robbins,1097,791,28,7,0,17,235,19,552,545,504,28,1,0,0,2,10
160,0387663,3757020,Robbinsville,620,525,0,21,6,2,58,8,74,546,514,0,21,6,0,0,5
160,0387668,3757100,Robersonville,1488,449,991,9,9,0,20,10,41,1447,439,986,3,9,0,0,10
160,0387673,3757200,Rockfish,3298,2239,665,57,41,16,111,169,383,2915,2019,643,55,41,16,5,136
160,0387678,3757260,Rockingham,9558,5482,3257,164,199,1,273,182,484,9074,5337,3229,137,197,1,13,160
160,0387683,3757340,Rockwell,2108,1999,24,0,14,7,37,27,66,2042,1973,24,0,14,7,1,23
160,0387688,3757500,Rocky Mount,57477,19228,35245,350,563,12,1186,893,2106,55371,18610,35069,329,540,10,68,745
160,0387700,3757540,Rocky Point,1602,989,186,13,8,2,354,50,510,1092,867,184,3,2,2,1,33
160,0387705,3757580,Rodanthe,261,251,2,2,1,2,0,3,4,257,247,2,2,1,2,0,3
160,0387710,3757640,Rolesville,3786,2806,673,15,119,0,94,79,233,3553,2671,667,7,119,0,12,77
160,0387715,3757700,Ronda,417,380,9,1,0,0,18,9,38,379,365,6,1,0,0,3,4
160,0387720,3757740,Roper,611,111,480,0,0,0,13,7,18,593,111,479,0,0,0,0,3
160,0387725,3757800,Roseboro,1191,583,515,8,16,0,44,25,58,1133,574,512,7,16,0,0,24
160,0387731,3757860,Rose Hill,1626,836,511,4,8,1,244,22,338,1288,762,508,3,8,1,0,6
160,0387736,3758020,Rosman,576,537,1,11,1,0,15,11,60,516,495,1,10,1,0,0,9
160,0387741,3758040,Rougemont,978,771,156,4,2,0,9,36,40,938,761,154,3,2,0,1,17
160,0387749,3758140,Rowland,1037,218,729,66,0,0,6,18,17,1020,215,728,60,0,0,0,17
160,0387754,3758160,Roxboro,8362,3753,3917,54,31,2,432,173,730,7632,3510,3898,48,31,2,12,131
160,0387759,3758180,Roxobel,240,130,110,0,0,0,0,0,1,239,130,109,0,0,0,0,0
160,0387764,3758260,Royal Pines,4272,3926,188,8,50,0,29,71,75,4197,3882,188,7,50,0,7,63
160,0387769,3758340,Ruffin,368,305,51,4,1,0,6,1,6,362,305,51,4,1,0,0,1
160,0387774,3758360,Rural Hall,2937,2138,467,7,14,3,237,71,397,2540,2015,456,4,13,0,9,43
160,0387779,3758420,Ruth,440,385,29,3,0,0,8,15,11,429,382,29,3,0,0,0,15
160,0387784,3758440,Rutherford College,1341,1293,6,0,33,0,1,8,5,1336,1292,6,0,33,0,0,5
160,0387789,3758460,Rutherfordton,4213,3575,437,11,68,0,47,75,127,4086,3503,436,10,68,0,3,66
160,0387795,3758620,St. Helena,389,291,83,3,0,0,11,1,16,373,285,83,3,0,0,1,1
160,0387800,3758630,St. James,3165,3096,31,3,18,0,6,11,27,3138,3076,31,0,17,0,3,11
160,0387805,3758720,St. Pauls,2035,1093,389,119,4,2,359,69,511,1524,995,377,110,4,2,2,34
160,0387810,3758730,St. Stephens,8759,7253,366,22,388,7,531,192,904,7855,6922,359,17,388,2,14,153
160,0387816,3758740,Salem,2218,2076,26,5,11,0,64,36,94,2124,2052,26,5,10,0,2,29
160,0387821,3758840,Salemburg,435,384,31,6,1,0,4,9,9,426,380,31,6,1,0,0,8
160,0387826,3758860,Salisbury,33662,17652,12694,121,523,16,1983,673,3563,30099,16346,12572,88,513,16,63,501
160,0387833,3758920,Saluda,713,682,19,2,2,0,1,7,14,699,671,19,2,2,0,0,5
160,0387839,3758940,Salvo,229,222,3,0,1,0,0,3,7,222,215,3,0,1,0,0,3
160,0387844,3759090,Sandy Creek,260,234,13,1,2,0,2,8,3,257,232,12,1,2,0,2,8
160,0387849,3759135,Sandyfield,447,67,363,6,0,0,5,6,8,439,66,362,6,0,0,0,5
160,0387854,3759280,Sanford,28094,15512,7763,232,309,12,3477,789,7190,20904,12416,7622,116,301,7,48,394
160,0387859,3759340,Saratoga,408,211,167,2,0,0,27,1,27,381,211,167,2,0,0,0,1
160,0387864,3759540,Sawmills,5240,4931,48,16,11,0,149,85,273,4967,4814,47,16,11,0,2,77
160,0387869,3759580,Saxapahaw,1648,1297,193,9,1,0,117,31,220,1428,1211,183,4,1,0,10,19
160,0387874,3759765,Scotch Meadows,580,513,35,12,13,1,1,5,6,574,508,35,12,13,1,0,5
160,0387879,3759780,Scotland Neck,2059,635,1406,0,3,0,11,4,32,2027,620,1399,0,3,0,1,4
160,0387884,3759980,Seaboard,632,149,471,1,1,0,1,9,1,631,149,471,1,1,0,0,9
160,0387889,3760000,Sea Breeze,1969,1736,162,12,22,1,6,30,31,1938,1721,157,10,22,1,2,25
160,0387894,3760080,Seagrove,228,214,6,0,0,0,0,8,3,225,212,6,0,0,0,0,7
160,0387899,3760180,Sedalia,623,130,474,2,1,0,1,15,11,612,124,474,2,1,0,1,10
160,0387904,3760320,Selma,6073,2356,2262,29,11,6,1235,174,2115,3958,1632,2194,23,10,1,24,74
160,0387909,3760505,Seven Devils,192,183,5,2,1,0,1,0,1,191,183,5,2,1,0,0,0
160,0387918,3760515,Seven Lakes,4888,4616,148,9,36,0,30,49,99,4789,4549,146,9,36,0,2,47
160,0387923,3760540,Seven Springs,110,90,9,0,0,0,6,5,24,86,76,9,0,0,0,0,1
160,0387928,3760560,Severn,276,189,86,0,0,0,0,1,4,272,186,86,0,0,0,0,0
160,0387933,3760800,Shallotte,3675,3132,340,22,46,5,73,57,175,3500,3043,333,19,46,4,8,47
160,0387939,3760940,Shannon,263,55,67,107,0,0,34,0,69,194,20,67,107,0,0,0,0
160,0387944,3761060,Sharpsburg,2024,745,1193,2,12,0,27,45,51,1973,736,1187,2,12,0,4,32
160,0387954,3761200,Shelby,20323,11115,8397,73,167,6,217,348,640,19683,10799,8339,54,167,6,15,303
160,0387960,3761860,Siler City,7887,3471,1508,136,34,15,2456,267,3925,3962,2305,1469,17,33,7,37,94
160,0387965,3761920,Silver City,882,35,792,9,1,0,16,29,18,864,34,792,9,1,0,0,28
160,0387970,3761950,Silver Lake,5598,4356,494,33,45,3,536,131,722,4876,4229,481,22,44,2,13,85
160,0387975,3762040,Simpson,416,252,154,0,0,0,7,3,11,405,248,154,0,0,0,0,3
160,0387980,3762060,Sims,282,201,46,0,1,1,25,8,25,257,201,46,0,1,0,1,8
160,0387985,3762190,Skippers Corner,2785,1990,570,41,10,1,115,58,289,2496,1837,570,33,9,1,6,40
160,0387990,3762520,Smithfield,10966,6243,2986,53,88,7,1376,213,2114,8852,5658,2937,24,82,3,13,135
160,0387996,3762680,Sneads Ferry,2646,2445,98,9,21,1,24,48,92,2554,2387,96,9,16,1,0,45
160,0388001,3762760,Snow Hill,1595,610,844,3,18,0,103,17,138,1457,579,839,3,18,0,1,17
160,0388006,3763120,Southern Pines,12334,8848,2959,74,104,8,166,175,482,11852,8579,2947,67,100,6,9,144
160,0388011,3763130,Southern Shores,2714,2654,7,3,16,0,5,29,42,2672,2621,6,3,16,0,0,26
160,0388016,3763240,South Henderson,1213,411,605,2,4,0,167,24,221,992,375,597,0,4,0,0,16
160,0388022,3763340,South Mills,454,340,74,4,11,0,10,15,11,443,340,74,4,11,0,0,14
160,0388027,3763360,Southmont,1470,1360,59,6,6,1,11,27,26,1444,1346,59,6,6,1,2,24
160,0388032,3763400,Southport,2833,2329,436,4,3,0,23,38,82,2751,2273,430,3,3,0,5,37
160,0388037,3763470,South Rosemary,2836,1185,1568,23,10,0,20,30,40,2796,1173,1563,22,10,0,2,26
160,0388042,3763560,South Weldon,705,105,555,8,1,0,23,13,36,669,99,548,8,1,0,0,13
160,0388047,3763680,Sparta,1770,1514,48,17,17,3,145,26,260,1510,1417,48,9,17,2,0,17
160,0388052,3763720,Speed,80,27,53,0,0,0,0,0,0,80,27,53,0,0,0,0,0
160,0388057,3763760,Spencer,3267,1900,1073,13,28,5,172,76,299,2968,1808,1063,9,28,5,4,51
160,0388064,3763780,Spencer Mountain,37,27,0,0,0,0,9,1,9,28,27,0,0,0,0,0,1
160,0388069,3763880,Spindale,4321,2975,1154,13,32,0,40,107,142,4179,2895,1146,13,32,0,4,89
160,0388074,3763920,Spivey's Corner,506,329,112,4,0,0,56,5,65,441,321,111,4,0,0,0,5
160,0388079,3764160,Spring Hope,1320,619,620,9,7,0,43,22,55,1265,610,613,9,7,0,6,20
160,0388084,3764180,Spring Lake,11964,5644,4346,127,354,58,609,826,1839,10125,4889,4131,111,335,47,34,578
160,0388091,3764260,Spruce Pine,2175,2001,9,16,18,0,107,24,165,2010,1959,4,8,15,0,1,23
160,0388096,3764380,Staley,393,315,32,4,3,0,10,29,37,356,300,32,0,3,0,4,17
160,0388101,3764420,Stallings,13831,12213,776,68,318,5,234,217,798,13033,11671,758,61,316,4,30,193
160,0388109,3764460,Stanfield,1486,1397,14,10,3,4,39,19,71,1415,1376,14,7,3,4,0,11
160,0388114,3764500,Stanley,3556,3115,346,15,16,0,17,47,58,3498,3083,345,15,16,0,1,38
160,0388120,3764560,Stantonsburg,784,406,356,2,1,0,15,4,44,740,379,356,2,1,0,0,2
160,0388125,3764580,Star,876,684,85,5,2,0,70,30,189,687,588,85,2,2,0,0,10
160,0388130,3764740,Statesville,24532,13436,8471,77,460,5,1487,596,2665,21867,12542,8356,52,457,1,39,420
160,0388139,3764840,Stedman,1028,855,120,11,7,2,10,23,33,995,834,119,11,7,2,1,21
160,0388144,3764940,Stem,463,387,38,3,2,0,16,17,31,432,373,38,2,2,0,0,17
160,0388149,3765020,Stokes,376,299,70,1,1,0,0,5,1,375,299,70,1,1,0,0,4
160,0388154,3765040,Stokesdale,5047,4588,237,18,72,0,64,68,178,4869,4483,237,16,72,0,3,58
160,0388159,3765100,Stoneville,1056,830,171,2,3,1,21,28,40,1016,815,171,2,3,0,0,25
160,0388164,3765120,Stonewall,281,215,57,0,1,0,0,8,5,276,213,57,0,1,0,0,5
160,0388169,3765260,Stony Point,1317,1161,58,2,9,0,59,28,90,1227,1134,55,1,9,0,0,28
160,0388177,3765320,Stovall,418,228,173,1,1,0,10,5,16,402,224,173,1,1,0,0,3
160,0388182,3765530,Sugar Mountain,198,179,4,6,0,0,7,2,8,190,179,3,6,0,0,0,2
160,0388187,3765580,Summerfield,10232,9203,452,41,229,2,152,153,440,9792,8940,448,35,228,2,7,132
160,0388192,3765700,Sunbury,289,240,40,1,1,0,1,6,13,276,234,39,0,1,0,0,2
160,0388197,3765900,Sunset Beach,3572,3458,28,16,21,0,20,29,67,3505,3429,27,11,20,0,0,18
160,0388202,3766040,Surf City,1853,1776,17,3,22,3,14,18,58,1795,1736,17,3,22,3,1,13
160,0388211,3766280,Swannanoa,4576,4016,213,33,59,1,123,131,409,4167,3767,208,22,59,1,6,104
160,0388216,3766340,Swan Quarter,324,209,89,0,0,0,15,11,24,300,201,88,0,0,0,0,11
160,0388221,3766360,Swansboro,2663,2393,93,11,48,1,24,93,121,2542,2317,87,10,45,1,1,81
160,0388226,3766460,Swepsonville,1154,1048,55,1,9,0,10,31,51,1103,1011,55,1,9,0,0,27
160,0388231,3766500,Sylva,2588,2220,71,73,46,0,134,44,234,2354,2136,71,64,46,0,1,36
160,0388236,3766520,Tabor City,2511,1487,908,28,6,1,37,44,57,2454,1477,896,27,6,1,3,44
160,0388241,3766700,Tarboro,11415,5390,5522,12,53,7,335,96,557,10858,5229,5497,6,53,0,7,66
160,0388246,3766740,Tar Heel,117,107,0,2,0,0,6,2,6,111,107,0,2,0,0,0,2
160,0388251,3766960,Taylorsville,2098,1696,273,3,28,1,55,42,132,1966,1632,271,3,28,1,0,31
160,0388256,3766980,Taylortown,722,231,469,3,6,0,3,10,7,715,226,469,3,6,0,3,8
160,0388261,3767000,Teachey,376,169,156,1,13,0,36,1,69,307,136,156,1,13,0,0,1
160,0388266,3767420,Thomasville,26757,18285,5243,199,291,1,2173,565,3844,22913,16875,5180,133,280,1,55,389
160,0388276,3767700,Toast,1450,1304,46,0,5,0,68,27,161,1289,1227,46,0,5,0,0,11
160,0388281,3767720,Tobaccoville,2441,2245,152,12,8,1,9,14,48,2393,2213,152,8,8,1,0,11
160,0388289,3768040,Topsail Beach,368,355,6,2,1,0,1,3,2,366,354,6,2,1,0,1,2
160,0388294,3768320,Trenton,287,149,105,3,0,0,13,17,20,267,142,105,3,0,0,0,17
160,0388299,3768340,Trent Woods,4155,3991,80,8,23,1,9,43,59,4096,3943,80,8,23,1,4,37
160,0388305,3768400,Trinity,6614,6067,323,28,80,0,66,50,154,6460,5984,322,28,80,0,1,45
160,0388311,3768500,Troutman,2383,1746,515,6,21,0,33,62,114,2269,1676,507,5,21,0,1,59
160,0388317,3768520,Troy,3189,1879,1013,22,32,0,195,48,330,2859,1745,1006,22,32,0,9,45
160,0388322,3768580,Tryon,1646,1316,271,1,6,0,26,26,73,1573,1275,271,1,6,0,0,20
160,0388327,3768740,Turkey,292,161,78,0,3,0,47,3,58,234,154,76,0,3,0,0,1
160,0388332,3769020,Tyro,3879,3626,57,19,21,0,100,56,179,3700,3560,57,17,19,0,0,47
160,0388337,3769260,Unionville,5929,5625,102,12,35,2,86,67,178,5751,5559,95,9,34,2,2,50
160,0388343,3769520,Valdese,4490,4164,59,5,138,7,51,66,118,4372,4110,59,4,134,7,3,55
160,0388348,3769600,Valle Crucis,412,404,0,0,1,0,0,7,10,402,395,0,0,1,0,0,6
160,0388353,3769640,Valley Hill,2070,1898,45,3,19,0,70,35,148,1922,1829,45,3,19,0,1,25
160,0388359,3769680,Vanceboro,1005,654,301,6,0,0,6,38,26,979,643,297,6,0,0,1,32
160,0388364,3769720,Vandemere,254,119,116,1,1,2,8,7,12,242,117,116,1,1,2,0,5
160,0388369,3769740,Vander,1146,733,311,41,10,0,18,33,50,1096,718,303,40,10,0,1,24
160,0388374,3769755,Vann Crossroads,336,278,20,6,1,0,28,3,28,308,278,20,6,1,0,0,3
160,0388379,3769795,Varnamtown,541,528,5,0,0,0,5,3,8,533,526,4,0,0,0,0,3
160,0388384,3769840,Vass,720,573,94,19,0,1,22,11,69,651,533,87,19,0,1,0,11
160,0388389,3770320,Waco,321,254,63,0,0,0,3,1,4,317,254,63,0,0,0,0,0
160,0388394,3770340,Wade,556,415,116,4,7,0,1,13,18,538,405,116,4,7,0,0,6
160,0388399,3770380,Wadesboro,5813,2068,3528,10,81,0,52,74,105,5708,2040,3507,10,80,0,5,66
160,0388404,3770480,Wagram,840,344,413,57,7,1,3,15,8,832,339,411,57,7,1,2,15
160,0388409,3770540,Wake Forest,30117,23291,4594,125,887,12,471,737,1681,28436,22297,4524,97,881,11,49,577
160,0388419,3770580,Wakulla,105,13,1,91,0,0,0,0,4,101,9,1,91,0,0,0,0
160,0388424,3770660,Walkertown,4675,3594,820,14,26,7,147,67,260,4415,3498,810,11,26,7,3,60
160,0388434,3770720,Wallace,3880,2019,1008,14,7,3,774,55,989,2891,1853,994,10,7,0,6,21
160,0388442,3770740,Wallburg,3047,2893,26,16,25,1,54,32,93,2954,2856,26,16,25,1,0,30
160,0388447,3770780,Walnut Cove,1425,1134,260,2,3,0,8,18,21,1404,1121,260,2,3,0,0,18
160,0388452,3770820,Walnut Creek,835,766,34,1,16,0,12,6,14,821,752,34,1,16,0,12,6
160,0388457,3770860,Walstonburg,219,147,66,1,0,0,5,0,10,209,143,66,0,0,0,0,0
160,0388462,3770920,Wanchese,1642,1575,3,4,3,0,32,25,72,1570,1540,3,4,3,0,1,19
160,0388467,3771100,Warrenton,862,471,352,7,2,0,18,12,29,833,467,350,7,2,0,0,7
160,0388472,3771160,Warsaw,3054,1023,1619,11,10,5,349,37,516,2538,881,1608,7,10,4,0,28
160,0388477,3771220,Washington,9744,4778,4433,22,51,8,303,149,538,9206,4599,4406,20,51,0,9,121
160,0388483,3771240,Washington Park,451,436,12,2,0,0,0,1,5,446,431,12,2,0,0,0,1
160,0388488,3771320,Watha,190,161,15,1,0,0,10,3,14,176,158,15,1,0,0,0,2
160,0388493,3771440,Waves,134,126,0,0,0,0,4,4,6,128,124,0,0,0,0,0,4
160,0388498,3771460,Waxhaw,9859,8090,1106,14,201,4,158,286,628,9231,7701,1082,10,201,4,23,210
160,0388503,3771500,Waynesville,9869,9117,233,60,38,6,289,126,558,9311,8873,232,53,37,3,8,105
160,0388509,3771560,Weaverville,3120,2969,27,1,11,8,19,85,65,3055,2933,27,1,11,5,3,75
160,0388514,3771600,Webster,363,344,6,2,0,0,2,9,6,357,339,6,2,0,0,1,9
160,0388519,3771680,Weddington,9459,8628,366,17,243,0,82,123,281,9178,8427,359,15,243,0,25,109
160,0388527,3771760,Welcome,4162,3837,152,9,58,1,61,44,148,4014,3754,152,7,57,1,5,38
160,0388533,3771780,Weldon,1655,420,1170,5,7,0,6,47,18,1637,418,1168,5,7,0,0,39
160,0388538,3771860,Wendell,5845,3395,1768,46,52,0,395,189,673,5172,3211,1743,31,51,0,8,128
160,0388543,3771900,Wentworth,2807,2317,404,4,9,0,37,36,102,2705,2256,403,4,9,0,2,31
160,0388548,3771940,Wesley Chapel,7463,6772,340,12,112,4,109,114,374,7089,6542,330,7,110,4,7,89
160,0388553,3772150,West Canton,1247,1220,6,5,1,0,10,5,17,1230,1214,6,5,1,0,0,4
160,0388558,3772540,West Jefferson,1299,1207,10,3,13,0,44,22,91,1208,1163,10,3,13,0,0,19
160,0388563,3772600,West Marion,1348,1247,60,6,7,0,14,14,44,1304,1230,60,0,7,0,0,7
160,0388568,3772755,Westport,4026,3827,108,6,31,0,22,32,67,3959,3781,108,4,31,0,6,29
160,0388573,3773140,Whispering Pines,2928,2796,37,6,29,3,18,39,86,2842,2737,37,4,29,3,2,30
160,0388578,3773160,Whitakers,744,190,522,2,4,0,8,18,15,729,189,516,2,4,0,1,17
160,0388587,3773300,White Lake,802,696,42,4,3,0,49,8,70,732,675,42,4,3,0,2,6
160,0388592,3773320,White Oak,338,197,107,1,0,0,31,2,36,302,194,105,1,0,0,0,2
160,0388597,3773460,White Plains,1074,1010,11,9,5,0,30,9,45,1029,996,11,9,5,0,1,7
160,0388603,3773660,Whiteville,5394,2872,2209,68,41,3,109,92,179,5215,2826,2194,63,41,3,7,81
160,0388608,3773760,Whitsett,590,537,40,0,0,0,11,2,17,573,528,39,0,0,0,5,1
160,0388613,3774020,Wilkesboro,3413,2782,305,6,101,4,136,79,250,3163,2684,300,5,101,4,4,65
160,0388618,3774220,Williamston,5511,1907,3441,11,26,5,49,72,118,5393,1876,3423,9,26,2,2,55
160,0388623,3774440,Wilmington,106476,78286,21158,514,1263,78,2817,2360,6487,99989,75432,20850,379,1246,61,195,1826
160,0388630,3774540,Wilson,49167,21090,23530,138,594,19,2961,835,4606,44561,19820,23361,111,590,19,64,596
160,0388637,3774580,Wilson's Mills,2277,1297,698,17,8,0,206,51,426,1851,1108,692,6,8,0,4,33
160,0388642,3774680,Windsor,3630,1190,2271,25,71,0,6,67,40,3590,1173,2264,25,71,0,1,56
160,0388647,3774720,Winfall,594,340,238,2,5,0,3,6,12,582,336,233,1,5,0,1,6
160,0388652,3774760,Wingate,3491,2115,1004,15,30,3,276,48,433,3058,1948,1003,10,30,3,32,32
160,0388657,3775000,Winston-Salem,229617,117600,79598,991,4581,182,21093,5572,33753,195864,108222,78065,567,4536,138,535,3801
160,0388668,3775060,Winterville,9269,5825,2933,31,199,3,102,176,309,8960,5652,2906,28,199,2,18,155
160,0388673,3775080,Winton,769,199,539,18,0,0,2,11,9,760,197,536,18,0,0,0,9
160,0388678,3775280,Woodfin,6123,5346,297,34,58,3,234,151,533,5590,5088,291,25,58,3,7,118
160,0388684,3775340,Woodland,809,398,382,6,4,0,11,8,9,800,394,382,6,4,0,6,8
160,0388689,3775375,Woodlawn,900,675,167,7,3,0,26,22,38,862,675,164,1,3,0,0,19
160,0388695,3775780,Wrightsboro,4896,2934,1647,41,18,8,129,119,276,4620,2826,1629,31,18,8,12,96
160,0388700,3775820,Wrightsville Beach,2477,2425,8,4,16,0,8,16,27,2450,2402,8,4,16,0,4,16
160,0388706,3775960,Yadkinville,2959,2192,206,4,10,1,508,38,702,2257,2026,199,4,10,0,0,18
160,0388711,3776000,Yanceyville,2039,800,1110,11,8,2,32,76,74,1965,779,1102,8,8,2,1,65
160,0388716,3776200,Youngsville,1157,802,290,4,9,0,33,19,56,1101,785,288,4,9,0,2,13
160,0388721,3776220,Zebulon,4433,2099,1713,22,46,1,393,159,706,3727,1902,1675,12,45,1,4,88
