place_id_2010,place,state,total,rc_white,rc_black,rc_am_indian,rc_asian,rc_pac_isl,rc_other,rc_multi,eth_hispanic,eth_non_hisp,eth_white_nh,eth_black_nh,eth_am_indian_nh,eth_asian_nh,eth_pac_isl_nh,eth_other_nh,eth_mult_nh
4500100,Abbeville,SC,5237,2458,2645,10,23,0,22,79,48,5189,2443,2633,10,23,0,7,73
4500550,Aiken,SC,29524,19729,8401,107,567,21,259,440,768,28756,19324,8340,98,564,21,33,376
4500775,Alcolu,SC,429,194,223,0,3,0,5,4,14,415,190,220,0,3,0,0,2
4500955,Allendale,SC,3482,445,2903,8,25,2,49,50,99,3383,427,2890,8,25,2,1,30
4501360,Anderson,SC,26686,16382,8959,72,260,5,456,552,1089,25597,15881,8894,63,253,4,28,474
4501450,Andrews,SC,2861,903,1856,13,24,0,43,22,102,2759,858,1846,13,23,0,4,15
4501810,Antreville,SC,140,122,17,0,0,0,0,1,0,140,122,17,0,0,0,0,1
4502080,Arcadia,SC,2634,1497,425,27,86,4,505,90,910,1724,1177,408,8,86,0,7,38
4502125,Arcadia Lakes,SC,861,779,42,0,30,0,3,7,16,845,769,41,0,28,0,2,5
4502440,Arial,SC,2543,2355,88,10,5,0,44,41,130,2413,2279,86,6,5,0,4,33
4503205,Atlantic Beach,SC,334,98,182,3,0,0,36,15,55,279,86,181,3,0,0,0,9
4503385,Awendaw,SC,1294,529,747,0,4,0,1,13,12,1282,522,747,0,3,0,0,10
4503430,Aynor,SC,560,457,88,5,2,0,0,8,4,556,455,88,5,2,0,0,6
4503790,Bamberg,SC,3607,1490,1996,16,38,0,20,47,58,3549,1462,1988,14,38,0,1,46
4504060,Barnwell,SC,4750,2116,2448,11,72,3,20,80,47,4703,2099,2441,11,72,0,4,76
4504300,Batesburg-Leesville,SC,5362,2656,2500,8,37,1,95,65,193,5169,2571,2487,8,37,1,4,61
4504690,Beaufort,SC,12361,8300,3176,36,177,17,328,327,830,11531,7944,3115,29,171,10,20,242
4505365,Belton,SC,4134,3338,685,7,12,0,16,76,77,4057,3282,685,7,12,0,2,69
4505410,Belvedere,SC,5792,3869,1519,18,24,3,210,149,345,5447,3775,1511,17,24,2,1,117
4505680,Bennettsville,SC,9069,2966,5822,76,36,2,55,112,148,8921,2908,5798,74,36,2,3,100
4505770,Berea,SC,14295,8662,2586,73,177,1,2414,382,3630,10665,7694,2553,36,172,1,17,192
4506040,Bethune,SC,334,291,38,4,0,0,0,1,7,327,284,38,4,0,0,0,1
4506310,Bishopville,SC,3471,908,2474,10,28,1,17,33,40,3431,902,2462,10,28,1,0,28
4506400,Blacksburg,SC,1848,1376,396,8,9,1,12,46,18,1830,1369,396,8,9,1,2,45
4506490,Blackville,SC,2406,462,1876,5,3,0,26,34,83,2323,423,1864,5,3,0,1,27
4506850,Blenheim,SC,154,87,58,3,0,0,0,6,0,154,87,58,3,0,0,0,6
4507210,Bluffton,SC,12530,8950,2025,34,245,6,911,359,2355,10175,7667,1969,19,238,4,22,256
4507255,Blythewood,SC,2034,1419,549,9,20,2,5,30,57,1977,1383,540,8,20,1,2,23
4507345,Boiling Springs,SC,8219,6728,851,25,307,2,180,126,350,7869,6593,838,14,303,2,19,100
4507525,Bonneau,SC,487,407,60,1,7,0,5,7,8,479,404,60,1,7,0,0,7
4507535,Bonneau Beach,SC,1929,1706,165,23,0,0,11,24,21,1908,1697,165,22,0,0,1,23
4507840,Bowman,SC,968,279,675,0,1,0,10,3,17,951,270,675,0,1,0,2,3
4508110,Boykin,SC,100,80,6,0,0,0,10,4,16,84,74,6,0,0,0,0,4
4508155,Bradley,SC,170,113,57,0,0,0,0,0,3,167,110,57,0,0,0,0,0
4508245,Branchville,SC,1024,526,468,11,2,0,7,10,16,1008,517,468,11,2,0,1,9
4508830,Briarcliffe Acres,SC,457,438,5,0,3,4,0,7,5,452,433,5,0,3,4,0,7
4509527,Brookdale,SC,4873,39,4779,5,11,0,0,39,34,4839,35,4752,5,11,0,0,36
4509865,Brunson,SC,554,313,233,1,0,0,3,4,5,549,312,232,1,0,0,0,4
4510000,Bucksport,SC,876,70,790,0,0,0,7,9,17,859,66,784,0,0,0,0,9
4510090,Buffalo,SC,1266,1071,178,1,3,1,2,10,8,1258,1064,178,1,3,1,1,10
4510270,Burnettown,SC,2673,2094,380,17,20,0,107,55,171,2502,2047,374,17,20,0,1,43
4510360,Burton,SC,6976,3353,3004,30,91,16,294,188,694,6282,3044,2969,18,89,12,15,135
4510720,Calhoun Falls,SC,2004,881,1065,10,0,0,10,38,25,1979,867,1062,10,0,0,2,38
4510855,Camden,SC,6838,4250,2403,11,48,0,52,74,166,6672,4168,2379,11,48,0,3,63
4510900,Cameron,SC,424,268,143,0,1,0,5,7,5,419,268,143,0,1,0,0,7
4511125,Campobello,SC,502,435,47,0,11,0,5,4,8,494,435,44,0,11,0,0,4
4511350,Cane Savannah,SC,1117,679,399,4,2,2,2,29,14,1103,672,394,4,2,2,0,29
4511755,Carlisle,SC,436,39,383,0,1,0,0,13,0,436,39,383,0,1,0,0,13
4512430,Catawba,SC,1343,1054,229,19,4,0,17,20,45,1298,1029,229,15,4,0,3,18
4512655,Cayce,SC,12528,8522,3150,52,236,9,293,266,539,11989,8355,3103,47,234,9,10,231
4512965,Centerville,SC,6586,5484,875,12,71,0,59,85,180,6406,5383,872,3,71,0,7,70
4513015,Central,SC,5159,3913,789,9,171,1,176,100,262,4897,3842,784,8,171,1,13,78
4513060,Central Pacolet,SC,216,201,9,0,4,0,1,1,1,215,201,9,0,4,0,0,1
4513150,Chapin,SC,1445,1201,169,4,19,0,27,25,75,1370,1157,165,4,19,0,1,24
4513330,Charleston,SC,120083,84258,30491,271,1971,122,1205,1765,3451,116632,82427,30288,235,1950,111,142,1479
4513600,Cheraw,SC,5851,2355,3275,44,36,0,34,107,63,5788,2344,3260,38,36,0,13,97
4514018,Cherryvale,SC,2496,897,1409,15,33,2,47,93,104,2392,872,1401,13,33,2,0,71
4514050,Chesnee,SC,868,573,235,5,2,0,22,31,38,830,565,235,5,2,0,0,23
4514095,Chester,SC,5607,1786,3672,15,11,3,25,95,69,5538,1769,3657,14,11,3,8,76
4514140,Chesterfield,SC,1472,875,561,3,9,0,14,10,23,1449,867,561,2,9,0,0,10
4514455,City View,SC,1345,645,377,8,1,6,269,39,449,896,503,371,3,1,4,3,11
4514590,Clarks Hill,SC,381,70,299,0,0,0,0,12,0,381,70,299,0,0,0,0,12
4514860,Clearwater,SC,4370,3042,711,28,7,2,495,85,594,3776,2967,700,20,7,2,5,75
4514950,Clemson,SC,13905,10994,1437,17,1127,1,110,219,308,13597,10822,1430,13,1126,1,18,187
4515220,Clifton,SC,541,496,29,0,5,0,1,10,5,536,494,29,0,5,0,0,8
4515295,Clinton,SC,8490,5047,3140,19,48,2,106,128,187,8303,4998,3121,15,47,2,7,113
4515310,Clio,SC,726,195,467,57,0,0,0,7,8,718,191,466,55,0,0,0,6
4515355,Clover,SC,5094,3897,980,23,31,0,68,95,223,4871,3758,974,23,30,0,1,85
4515625,Cokesbury,SC,215,52,161,0,0,0,0,2,0,215,52,161,0,0,0,0,2
4516000,Columbia,SC,129272,66777,54537,434,2879,164,1922,2559,5622,123650,64062,53948,363,2846,150,162,2119
4516360,Converse,SC,608,559,36,2,2,0,3,6,13,595,549,36,2,2,0,0,6
4516405,Conway,SC,17103,10187,6331,38,117,7,172,251,500,16603,9981,6251,27,113,6,10,215
4516720,Cope,SC,77,44,31,0,0,0,0,2,0,77,44,31,0,0,0,0,2
4516855,Cordova,SC,169,143,21,3,0,0,0,2,3,166,140,21,3,0,0,0,2
4516945,Coronaca,SC,191,146,37,0,0,0,3,5,7,184,146,37,0,0,0,0,1
4516990,Cottageville,SC,762,680,56,11,4,0,0,11,16,746,666,55,11,4,0,0,10
4517215,Coward,SC,752,606,106,5,0,0,23,12,33,719,598,106,5,0,0,1,9
4517260,Cowpens,SC,2162,1597,459,6,2,0,55,43,92,2070,1574,459,6,2,0,0,29
4517845,Cross Anchor,SC,126,90,30,1,1,0,0,4,5,121,85,30,1,1,0,0,4
4517890,Cross Hill,SC,507,195,301,0,1,0,4,6,10,497,191,299,0,1,0,0,6
4518430,Dalzell,SC,3059,1683,1203,16,39,6,28,84,87,2972,1645,1191,15,37,5,6,73
4518565,Darlington,SC,6289,2386,3814,13,28,0,7,41,44,6245,2368,3801,13,27,0,3,33
4519105,Denmark,SC,3538,305,3189,5,10,2,11,16,31,3507,303,3172,3,10,2,3,14
4519285,Dentsville,SC,14062,3182,9742,39,387,19,348,345,752,13310,2977,9603,28,386,17,27,272
4519420,Dillon,SC,6788,2905,3604,109,44,1,44,81,84,6704,2880,3586,100,44,1,18,75
4519870,Donalds,SC,348,286,48,0,2,0,6,6,5,343,286,48,0,2,0,1,6
4521040,Due West,SC,1247,1018,194,1,8,0,7,19,17,1230,1007,193,1,8,0,2,19
4521265,Duncan,SC,3181,1936,969,7,31,0,136,102,293,2888,1812,948,2,31,0,5,90
4521310,Dunean,SC,3671,2060,1285,12,12,0,209,93,373,3298,1925,1275,11,11,0,2,74
4521985,Easley,SC,19993,16621,2277,32,154,4,550,355,1115,18878,16114,2260,28,153,4,24,295
4522075,East Gaffney,SC,3085,2104,791,12,9,3,111,55,169,2916,2070,784,2,9,1,1,49
4522390,Eastover,SC,813,41,759,3,0,0,0,10,9,804,40,751,3,0,0,0,10
4522547,East Sumter,SC,1343,582,687,5,8,0,55,6,81,1262,571,682,4,2,0,1,2
4522795,Edgefield,SC,4750,1850,2571,16,21,4,174,114,564,4186,1568,2521,13,20,4,4,56
4522997,Edisto,SC,2559,598,1893,4,4,0,43,17,68,2491,579,1887,3,4,0,2,16
4523020,Edisto Beach,SC,414,409,4,0,0,0,1,0,2,412,408,4,0,0,0,0,0
4523200,Ehrhardt,SC,545,255,269,2,4,0,10,5,11,534,255,269,2,4,0,0,4
4523245,Elgin,SC,1311,1095,146,6,3,0,32,29,77,1234,1065,139,2,3,0,3,22
4523290,Elgin,SC,2607,1829,522,2,1,0,229,24,271,2336,1788,519,2,1,0,2,24
4523335,Elko,SC,193,78,114,0,0,0,0,1,1,192,78,113,0,0,0,0,1
4523470,Elloree,SC,692,383,284,2,7,0,5,11,6,686,383,280,2,7,0,4,10
4523605,Enoree,SC,665,525,92,1,8,0,22,17,37,628,517,92,1,8,0,0,10
4523830,Estill,SC,2040,361,1594,12,3,0,51,19,98,1942,326,1586,12,1,0,3,14
4524020,Eureka Mill,SC,1476,625,826,2,6,1,6,10,10,1466,620,822,2,6,1,5,10
4524100,Eutawville,SC,315,193,114,0,0,0,6,2,11,304,189,113,0,0,0,0,2
4524370,Fairfax,SC,2025,401,1592,2,12,0,14,4,31,1994,386,1592,2,12,0,0,2
4524505,Fairforest,SC,1693,1050,292,5,99,0,204,43,599,1094,707,286,4,81,0,0,16
4524730,Fair Play,SC,687,653,3,3,6,0,9,13,15,672,648,3,3,5,0,0,13
4525360,Fingerville,SC,134,125,5,2,0,0,0,2,1,133,125,5,1,0,0,0,2
4525540,Five Forks,SC,14140,12366,771,32,616,1,141,213,597,13543,11927,763,28,614,1,19,191
4525810,Florence,SC,37056,18535,17038,106,680,11,216,470,553,36503,18295,16972,91,677,11,38,419
4526035,Folly Beach,SC,2617,2520,39,8,12,3,14,21,45,2572,2489,39,8,12,3,1,20
4526305,Forest Acres,SC,10361,7875,2010,22,155,6,101,192,313,10048,7732,1983,14,151,6,11,151
4526372,Forestbrook,SC,4612,3960,351,14,62,3,105,117,266,4346,3829,339,11,61,3,11,92
4526845,Fort Lawn,SC,895,521,344,6,4,0,1,19,9,886,513,344,6,4,0,0,19
4526890,Fort Mill,SC,10811,8393,1901,40,136,1,117,223,313,10498,8236,1881,39,136,0,14,192
4527070,Fountain Inn,SC,7799,4965,2432,22,23,13,190,154,469,7330,4721,2416,21,23,13,5,131
4527835,Furman,SC,239,62,175,0,0,0,0,2,3,236,60,174,0,0,0,0,2
4527970,Gadsden,SC,1632,70,1540,3,1,0,3,15,20,1612,65,1529,3,1,0,3,11
4528060,Gaffney,SC,12414,6214,5673,31,108,11,180,197,381,12033,6073,5639,30,108,3,9,171
4528375,Gantt,SC,14229,4137,8418,61,36,5,1322,250,1877,12352,3756,8359,24,32,4,11,166
4528455,Garden City,SC,9209,8776,153,25,28,13,81,133,269,8940,8599,144,25,28,6,12,126
4528780,Gaston,SC,1645,1387,151,6,7,1,41,52,90,1555,1349,147,6,7,1,2,43
4528825,Gayle Mill,SC,913,384,505,5,5,0,3,11,9,904,378,505,5,5,0,3,8
4528870,Georgetown,SC,9163,3461,5192,20,60,5,307,118,490,8673,3325,5161,19,60,0,12,96
4529005,Gifford,SC,288,12,271,0,0,0,1,4,0,288,12,271,0,0,0,1,4
4529050,Gilbert,SC,565,504,19,2,0,0,39,1,50,515,495,17,2,0,0,0,1
4529275,Glendale,SC,307,290,9,0,2,0,4,2,11,296,283,9,0,2,0,0,2
4529410,Gloverville,SC,2831,2290,382,21,6,0,46,86,89,2742,2265,377,19,6,0,2,73
4529635,Golden Grove,SC,2467,1813,533,4,10,1,49,57,94,2373,1776,531,4,10,1,2,49
4529815,Goose Creek,SC,35938,25605,6560,184,1340,47,925,1277,2203,33735,24501,6460,156,1322,40,190,1066
4529950,Govan,SC,65,39,23,1,0,0,0,2,2,63,39,23,1,0,0,0,0
4530220,Gramling,SC,86,73,4,1,0,0,7,1,15,71,65,4,1,0,0,0,1
4530265,Graniteville,SC,2614,1706,748,17,1,2,74,66,155,2459,1646,747,4,1,2,1,58
4530355,Gray Court,SC,795,358,332,2,0,1,88,14,122,673,328,332,2,0,1,0,10
4530490,Great Falls,SC,1979,1315,620,0,0,0,4,40,15,1964,1308,619,0,0,0,2,35
4530535,Greeleyville,SC,438,124,302,0,0,0,2,10,12,426,121,295,0,0,0,1,9
4530850,Greenville,SC,58409,37356,17519,148,793,54,1486,1053,3443,54966,35776,17377,91,782,46,87,807
4530895,Greenwood,SC,23222,10367,10389,89,235,15,1802,325,2550,20672,9795,10334,48,232,4,43,216
4530985,Greer,SC,25515,18071,4405,67,570,14,1847,541,3687,21828,16428,4339,41,565,11,60,384
4531885,Hampton,SC,2808,1415,1280,14,55,1,19,24,48,2760,1396,1275,5,52,1,8,23
4532065,Hanahan,SC,17997,13445,2494,110,620,15,797,516,1638,16359,12748,2443,71,613,12,72,400
4532245,Hardeeville,SC,2952,1291,1024,23,58,0,475,81,839,2113,976,1019,12,56,0,6,44
4532335,Harleyville,SC,677,442,218,3,4,0,2,8,9,668,437,217,3,4,0,1,6
4532560,Hartsville,SC,7764,3960,3598,17,64,4,41,80,113,7651,3904,3586,16,63,4,8,70
4532965,Heath Springs,SC,790,356,418,1,2,1,6,6,1,789,355,418,1,2,1,6,6
4533145,Hemingway,SC,459,265,159,0,8,0,17,10,33,426,257,151,0,8,0,0,10
4533640,Hickory Grove,SC,440,308,114,4,1,0,0,13,4,436,306,114,4,1,0,0,11
4533820,Hilda,SC,447,393,48,2,0,0,0,4,7,440,386,48,2,0,0,0,4
4534045,Hilton Head Island,SC,37099,30751,2766,57,339,22,2713,451,5861,31238,27888,2690,41,331,2,47,239
4534225,Hodges,SC,155,138,12,1,0,0,1,3,2,153,137,12,1,0,0,0,3
4534360,Holly Hill,SC,1277,516,704,8,11,0,21,17,34,1243,509,699,8,11,0,1,15
4534495,Hollywood,SC,4714,1933,2610,9,15,3,105,39,190,4524,1868,2598,9,15,2,0,32
4534720,Homeland Park,SC,6296,3936,2001,10,18,0,187,144,355,5941,3793,1989,10,18,0,5,126
4534810,Honea Path,SC,3597,2770,705,8,11,0,15,88,50,3547,2748,702,7,11,0,1,78
4534990,Hopkins,SC,2882,407,2383,7,5,0,37,43,76,2806,390,2360,7,5,0,1,43
4535635,India Hook,SC,3328,2928,209,14,46,2,58,71,164,3164,2848,208,14,46,0,0,48
4535755,Inman,SC,2321,1600,566,2,62,0,40,51,77,2244,1573,559,2,62,0,2,46
4535800,Inman Mills,SC,1050,933,81,3,14,0,7,12,19,1031,923,81,3,14,0,0,10
4535890,Irmo,SC,11097,7171,3316,41,178,0,115,276,371,10726,6981,3277,41,178,0,26,223
4535980,Irwin,SC,1405,952,406,4,1,0,30,12,51,1354,935,406,4,1,0,0,8
4536070,Islandton,SC,70,44,25,0,0,0,1,0,1,69,44,25,0,0,0,0,0
4536115,Isle of Palms,SC,4133,4036,23,6,31,0,7,30,44,4089,3996,23,6,30,0,6,28
4536160,Iva,SC,1218,1112,78,9,10,0,0,9,3,1215,1109,78,9,10,0,0,9
4536205,Jackson,SC,1700,1425,233,7,13,0,2,20,32,1668,1397,231,7,13,0,1,19
4536250,Jacksonboro,SC,478,155,318,0,0,0,0,5,3,475,155,315,0,0,0,0,5
4536475,Jamestown,SC,72,31,40,0,0,0,0,1,0,72,31,40,0,0,0,0,1
4536610,Jefferson,SC,753,467,233,0,12,0,12,29,11,742,466,233,0,12,0,2,29
4536655,Jenkinsville,SC,46,0,46,0,0,0,0,0,0,46,0,46,0,0,0,0,0
4536790,Joanna,SC,1539,1220,252,9,4,0,43,11,73,1466,1191,252,9,4,0,0,10
4537105,Johnsonville,SC,1480,1096,323,3,23,4,10,21,38,1442,1079,312,3,23,4,0,21
4537150,Johnston,SC,2362,845,1481,3,4,0,11,18,43,2319,815,1481,3,4,0,0,16
4537330,Jonesville,SC,911,596,297,2,0,0,5,11,17,894,590,292,2,0,0,0,10
4537465,Judson,SC,2050,626,1214,10,2,0,115,83,269,1781,524,1206,5,2,0,1,43
4538095,Kershaw,SC,1803,1273,478,13,7,0,8,24,24,1779,1258,477,13,7,0,0,24
4538162,Kiawah Island,SC,1626,1575,36,0,5,0,5,5,14,1612,1566,36,0,5,0,0,5
4538590,Kingstree,SC,3328,980,2247,2,81,0,0,18,19,3309,973,2235,2,81,0,0,18
4538950,Kline,SC,197,98,88,0,0,0,9,2,18,179,90,88,0,0,0,0,1
4539220,Ladson,SC,13790,8484,3622,111,297,8,775,493,1554,12236,7885,3532,95,286,7,27,404
4539310,Lake City,SC,6675,1296,5173,19,17,0,113,57,203,6472,1251,5137,17,17,0,4,46
4539475,Lake Murray of Richland,SC,5484,5271,74,11,62,0,17,49,93,5391,5203,74,10,62,0,7,35
4539512,Lake Secession,SC,1083,1036,27,4,1,0,0,15,4,1079,1033,27,4,1,0,0,14
4539715,Lake View,SC,807,526,266,4,1,0,8,2,12,795,523,266,3,1,0,0,2
4539772,Lakewood,SC,3032,1865,1034,5,23,0,49,56,112,2920,1822,1029,5,23,0,2,39
4539785,Lake Wylie,SC,8841,7842,632,26,128,10,81,122,347,8494,7605,613,19,126,8,19,104
4539805,Lamar,SC,989,478,489,6,4,0,5,7,7,982,476,487,6,4,0,2,7
4539895,Lancaster,SC,8526,3664,4378,15,79,1,296,93,488,8038,3515,4353,15,79,0,7,69
4540075,Landrum,SC,2376,1936,308,6,22,0,50,54,103,2273,1900,307,5,22,0,0,39
4540210,Lane,SC,508,44,460,0,0,0,0,4,1,507,44,460,0,0,0,0,3
4540390,Langley,SC,1447,1330,69,5,4,1,12,26,37,1410,1311,68,5,4,0,0,22
4540480,Latta,SC,1379,817,530,5,1,0,5,21,17,1362,813,530,5,1,0,1,12
4540525,Laurel Bay,SC,5891,3944,1408,52,74,7,182,224,652,5239,3616,1358,37,64,7,7,150
4540615,Laurens,SC,9139,4801,3916,24,27,2,261,108,524,8615,4587,3879,21,24,2,5,97
4541065,Lesslie,SC,3112,2641,319,23,54,0,22,53,90,3022,2582,312,23,54,0,2,49
4541335,Lexington,SC,17870,14434,2264,48,665,6,192,261,631,17239,14027,2237,47,664,6,29,229
4541380,Liberty,SC,3269,2833,299,4,14,0,51,68,131,3138,2771,297,4,14,0,1,51
4541740,Lincolnville,SC,1139,508,552,5,2,0,44,28,68,1071,492,551,2,2,0,0,24
4541965,Little Mountain,SC,291,238,48,2,1,0,0,2,0,291,238,48,2,1,0,0,2
4542010,Little River,SC,8960,7978,593,48,77,0,152,112,290,8670,7859,587,45,77,0,4,98
4542100,Livingston,SC,136,101,34,0,0,0,0,1,0,136,101,34,0,0,0,0,1
4542190,Lockhart,SC,488,445,29,4,0,0,1,9,3,485,442,29,4,0,0,1,9
4542280,Lodge,SC,120,97,4,0,0,0,19,0,19,101,97,4,0,0,0,0,0
4542730,Loris,SC,2396,1292,951,8,29,2,64,50,106,2290,1264,944,8,28,2,7,37
4542820,Lowndesville,SC,128,100,25,0,0,0,1,2,4,124,97,25,0,0,0,0,2
4542865,Lowrys,SC,200,163,33,0,1,0,0,3,5,195,158,33,0,1,0,0,3
4543000,Lugoff,SC,7434,5942,1253,18,36,4,76,105,201,7233,5837,1246,16,35,3,11,85
4543090,Luray,SC,127,58,55,0,0,0,11,3,28,99,43,54,0,0,0,0,2
4543135,Lydia,SC,642,208,422,0,0,0,6,6,13,629,205,420,0,0,0,0,4
4543315,Lyman,SC,3243,2753,346,9,27,0,51,57,121,3122,2688,344,9,25,0,10,46
4543360,Lynchburg,SC,373,58,315,0,0,0,0,0,8,365,52,313,0,0,0,0,0
4543495,McBee,SC,867,490,350,5,0,0,11,11,23,844,477,350,5,0,0,1,11
4543585,McClellanville,SC,499,439,57,1,2,0,0,0,3,496,436,57,1,2,0,0,0
4543630,McColl,SC,2174,1235,493,364,3,0,14,65,42,2132,1226,492,350,3,0,1,60
4543675,McConnells,SC,255,189,65,0,0,0,0,1,2,253,187,65,0,0,0,0,1
4543720,McCormick,SC,2783,820,1900,5,14,5,13,26,45,2738,797,1892,4,14,2,8,21
4544350,Manning,SC,4108,1361,2577,3,98,0,27,42,79,4029,1335,2562,3,98,0,0,31
4544575,Marion,SC,6939,1930,4804,11,73,0,22,99,87,6852,1908,4784,10,73,0,3,74
4545115,Mauldin,SC,22889,15731,5152,62,808,18,619,499,1756,21133,14751,5090,45,803,16,60,368
4545295,Mayesville,SC,731,109,607,0,1,0,7,7,16,715,109,605,0,1,0,0,0
4545430,Mayo,SC,1592,1500,50,2,5,0,13,22,41,1551,1483,50,2,5,0,0,11
4545790,Meggett,SC,1226,1036,165,3,5,0,5,12,14,1212,1027,164,3,5,0,2,11
4547050,Modoc,SC,218,209,5,2,0,0,0,2,2,216,207,5,2,0,0,0,2
4547200,Monarch Mill,SC,1811,1480,299,1,4,1,0,26,15,1796,1466,299,1,4,1,0,25
4547275,Moncks Corner,SC,7885,4550,2835,37,42,2,259,160,400,7485,4471,2811,22,42,2,7,130
4547320,Monetta,SC,236,173,44,0,0,0,9,10,32,204,152,43,0,0,0,0,9
4548310,Mount Carmel,SC,216,19,192,0,4,0,0,1,0,216,19,192,0,4,0,0,1
4548355,Mount Croghan,SC,195,160,15,0,0,0,11,9,15,180,156,15,0,0,0,1,8
4548535,Mount Pleasant,SC,67843,61938,3439,166,1115,25,396,764,1850,65993,60653,3403,131,1103,20,55,628
4548670,Mountville,SC,108,87,14,0,1,0,6,0,6,102,87,14,0,1,0,0,0
4548737,Mulberry,SC,529,248,213,0,0,0,59,9,69,460,247,211,0,0,0,0,2
4548805,Mullins,SC,4663,1456,3066,18,47,1,12,63,36,4627,1441,3058,18,47,1,0,62
4548900,Murphys Estates,SC,1441,1291,123,6,7,0,6,8,19,1422,1280,122,6,7,0,0,7
4548985,Murrells Inlet,SC,7547,6842,493,22,71,2,55,62,168,7379,6749,491,22,71,2,2,42
4549075,Myrtle Beach,SC,27109,19588,3764,199,399,81,2347,731,3708,23401,18380,3712,139,397,67,110,596
4549390,Neeses,SC,374,285,75,2,3,0,6,3,6,368,285,75,2,3,0,0,3
4549570,Newberry,SC,10277,4669,4683,41,63,13,626,182,882,9395,4512,4642,25,62,2,12,140
4549705,New Ellenton,SC,2052,1194,753,3,9,0,33,60,67,1985,1169,751,2,9,0,4,50
4549885,Newport,SC,4136,3477,493,23,53,1,15,74,96,4040,3409,489,23,53,1,2,63
4549975,Newry,SC,172,166,0,0,1,0,0,5,1,171,166,0,0,1,0,0,4
4550110,Nichols,SC,368,217,149,0,1,0,1,0,1,367,217,149,0,1,0,0,0
4550290,Ninety Six,SC,1998,1563,394,5,8,0,9,19,24,1974,1550,393,4,8,0,0,19
4550515,Norris,SC,813,740,52,4,0,0,12,5,25,788,728,52,4,0,0,1,3
4550560,North,SC,754,366,356,6,1,0,0,25,6,748,365,352,6,1,0,0,24
4550695,North Augusta,SC,21348,15837,4362,54,238,8,428,421,890,20458,15468,4316,44,236,8,39,347
4550875,North Charleston,SC,97471,40514,45964,453,1897,157,6067,2419,10617,86854,36945,45507,333,1871,119,226,1853
4551145,North Hartsville,SC,3251,2386,736,24,9,0,52,44,108,3143,2342,731,21,9,0,0,40
4551180,Northlake,SC,3745,3213,345,19,67,1,33,67,75,3670,3183,344,18,64,1,6,54
4551280,North Myrtle Beach,SC,13752,12433,456,75,128,9,455,196,871,12881,12065,445,68,126,9,7,161
4551550,Norway,SC,337,135,182,2,0,0,12,6,13,324,134,182,2,0,0,0,6
4551720,Oak Grove,SC,10291,8110,1158,44,161,5,630,183,1096,9195,7713,1138,38,160,4,10,132
4551887,Oakland,SC,1232,686,452,6,30,2,11,45,65,1167,650,444,4,30,2,0,37
4552540,Olanta,SC,563,329,213,0,2,0,9,10,12,551,326,213,0,2,0,0,10
4552585,Olar,SC,257,136,112,1,1,0,0,7,1,256,135,112,1,1,0,0,7
4553080,Orangeburg,SC,13964,2977,10479,25,231,7,93,152,266,13698,2891,10411,24,231,7,12,122
4553485,Oswego,SC,84,73,11,0,0,0,0,0,2,82,71,11,0,0,0,0,0
4553845,Pacolet,SC,2235,1692,486,4,26,2,3,22,25,2210,1671,486,4,26,2,0,21
4554025,Pageland,SC,2760,1450,909,14,18,0,312,57,385,2375,1394,906,10,18,0,1,46
4554340,Pamplico,SC,1226,493,683,4,2,0,29,15,43,1183,491,672,4,2,0,0,14
4554535,Parker,SC,11431,7083,2475,54,51,2,1469,297,2373,9058,6337,2423,35,48,2,18,195
4554700,Parksville,SC,117,110,3,0,0,0,0,4,1,116,110,3,0,0,0,0,3
4554925,Patrick,SC,351,265,80,2,0,0,0,4,1,350,265,79,2,0,0,0,4
4555015,Pawleys Island,SC,103,101,0,0,0,0,0,2,0,103,101,0,0,0,0,0,2
4555060,Paxville,SC,185,100,85,0,0,0,0,0,3,182,100,82,0,0,0,0,0
4555150,Peak,SC,64,45,18,0,0,0,0,1,0,64,45,18,0,0,0,0,1
4555420,Pelion,SC,674,628,10,0,5,0,23,8,38,636,621,10,0,2,0,0,3
4555465,Pelzer,SC,89,84,2,1,0,0,0,2,4,85,82,1,0,0,0,0,2
4555645,Pendleton,SC,2964,2142,690,9,35,2,10,76,47,2917,2112,684,6,35,1,5,74
4555960,Perry,SC,233,140,87,2,0,0,0,4,0,233,140,87,2,0,0,0,4
4556140,Pickens,SC,3126,2515,478,6,20,0,35,72,105,3021,2465,474,5,13,0,7,57
4556365,Piedmont,SC,5103,4549,399,16,12,0,42,85,130,4973,4469,399,15,12,0,3,75
4556950,Pine Ridge,SC,2064,1787,201,6,26,0,16,28,38,2026,1774,198,5,26,0,3,20
4557085,Pinewood,SC,538,209,321,1,3,0,3,1,3,535,209,321,1,3,0,0,1
4557175,Pinopolis,SC,948,882,53,5,4,1,0,3,7,941,875,53,5,4,1,0,3
4557670,Plum Branch,SC,82,59,20,0,0,0,0,3,0,82,59,20,0,0,0,0,3
4557850,Pomaria,SC,179,110,68,0,0,0,0,1,1,178,109,68,0,0,0,0,1
4558030,Port Royal,SC,10678,7346,2206,63,263,12,393,395,1421,9257,6529,2105,47,252,11,20,293
4558165,Powdersville,SC,7618,6648,573,23,125,4,121,124,278,7340,6514,569,20,125,4,14,94
4558435,Princeton,SC,62,45,7,0,0,0,0,10,0,62,45,7,0,0,0,0,10
4558570,Privateer,SC,2349,1956,280,9,4,0,46,54,113,2236,1900,273,9,4,0,1,49
4558615,Promised Land,SC,511,21,481,0,2,0,6,1,4,507,21,481,0,2,0,2,1
4558705,Prosperity,SC,1180,656,496,3,1,0,15,9,37,1143,640,492,3,1,0,0,7
4558795,Quinby,SC,932,278,637,0,1,0,1,15,3,929,278,636,0,0,0,1,14
4559020,Ravenel,SC,2465,1236,1091,4,2,0,86,46,176,2289,1184,1073,3,2,0,2,25
4559110,Red Bank,SC,9617,8138,991,47,53,2,200,186,382,9235,7990,983,44,52,0,13,153
4559190,Red Hill,SC,13223,10779,1314,60,161,9,613,287,1130,12093,10371,1290,52,150,3,14,213
4559380,Reevesville,SC,196,161,29,0,1,0,0,5,0,196,161,29,0,1,0,0,5
4559425,Reidville,SC,601,521,42,3,11,6,14,4,18,583,516,42,3,11,6,1,4
4559470,Rembert,SC,306,75,201,2,0,0,18,10,22,284,72,201,1,0,0,0,10
4559920,Richburg,SC,275,91,182,0,0,0,0,2,0,275,91,182,0,0,0,0,2
4560280,Ridgeland,SC,4036,1604,2067,47,21,3,253,41,609,3427,1345,2031,7,17,3,0,24
4560325,Ridge Spring,SC,737,267,435,2,1,1,15,16,22,715,260,435,2,1,1,0,16
4560370,Ridgeville,SC,1979,653,1263,12,1,0,44,6,49,1930,648,1262,12,1,0,1,6
4560415,Ridgeway,SC,319,170,145,0,0,0,2,2,3,316,169,145,0,0,0,0,2
4561112,Riverview,SC,681,636,12,2,12,0,7,12,19,662,626,12,0,12,0,0,12
4561405,Rock Hill,SC,66154,36147,25348,322,1118,69,1782,1368,3761,62393,34594,25148,282,1113,21,94,1141
4561495,Rockville,SC,134,117,15,2,0,0,0,0,2,132,115,15,2,0,0,0,0
4561720,Roebuck,SC,2200,1731,352,1,52,0,37,27,82,2118,1693,346,1,51,0,2,25
4562035,Rowesville,SC,304,121,175,2,0,0,4,2,4,300,121,175,2,0,0,0,2
4562080,Ruby,SC,360,326,28,1,0,0,4,1,3,357,325,28,1,0,0,3,0
4562305,Russellville,SC,488,125,354,0,1,0,4,4,4,484,125,354,0,1,0,0,4
4562395,St. Andrews,SC,20493,5794,13474,61,400,19,294,451,754,19739,5516,13343,51,395,15,31,388
4562530,St. George,SC,2084,1076,974,7,11,0,8,8,17,2067,1069,973,7,11,0,0,7
4562620,St. Matthews,SC,2021,722,1231,4,8,1,37,18,53,1968,712,1225,4,8,1,0,18
4562755,St. Stephen,SC,1697,703,940,5,1,0,20,28,38,1659,691,935,5,1,0,3,24
4562980,Salem,SC,135,134,0,0,0,0,0,1,0,135,134,0,0,0,0,0,1
4563115,Salley,SC,398,175,210,2,0,0,0,11,7,391,172,210,2,0,0,0,7
4563250,Saluda,SC,3565,1084,1404,30,15,32,935,65,1208,2357,898,1390,8,15,1,2,43
4563665,Sangaree,SC,8220,5787,1937,69,88,13,92,234,398,7822,5543,1908,61,87,13,4,206
4563700,Sans Souci,SC,7869,5468,1203,137,78,5,762,216,1345,6524,5064,1179,38,74,1,10,158
4563790,Santee,SC,961,263,633,0,26,0,19,20,32,929,255,628,0,26,0,2,18
4564240,Saxon,SC,3424,1563,1185,49,33,0,507,87,768,2656,1379,1180,12,33,0,2,50
4564465,Scotia,SC,215,62,153,0,0,0,0,0,0,215,62,153,0,0,0,0,0
4564600,Scranton,SC,932,366,545,3,1,0,6,11,16,916,364,543,3,1,0,0,5
4564712,Seabrook Island,SC,1714,1666,34,1,7,1,2,3,18,1696,1650,34,1,7,1,0,3
4565005,Sellers,SC,219,41,175,0,0,0,1,2,3,216,41,173,0,0,0,0,2
4565095,Seneca,SC,8102,5288,2348,22,76,1,179,188,362,7740,5149,2329,17,74,1,12,158
4565207,Seven Oaks,SC,15144,9140,4851,40,422,34,234,423,572,14572,8891,4810,31,417,32,32,359
4565410,Sharon,SC,494,463,12,9,0,0,0,10,6,488,457,12,9,0,0,0,10
4565680,Shell Point,SC,2336,1718,423,9,49,5,69,63,196,2140,1605,411,9,48,0,12,55
4565950,Shiloh,SC,214,88,118,0,0,0,5,3,11,203,88,115,0,0,0,0,0
4566400,Silverstreet,SC,162,123,32,0,0,0,7,0,7,155,123,32,0,0,0,0,0
4566580,Simpsonville,SC,18238,13798,3000,53,231,20,711,425,1619,16619,13024,2940,37,228,18,38,334
4566760,Six Mile,SC,675,654,8,0,4,0,4,5,5,670,653,8,0,4,0,0,5
4566917,Slater-Marietta,SC,2176,1929,16,14,3,0,189,25,238,1938,1884,16,14,3,0,1,20
4567165,Smoaks,SC,126,125,0,1,0,0,0,0,0,126,125,0,1,0,0,0,0
4567210,Smyrna,SC,45,45,0,0,0,0,0,0,0,45,45,0,0,0,0,0,0
4567255,Snelling,SC,274,224,45,0,0,0,2,3,2,272,224,45,0,0,0,0,3
4567390,Socastee,SC,19952,16322,1525,116,362,31,1013,583,2149,17803,15399,1482,87,355,15,21,444
4567435,Society Hill,SC,563,248,293,4,0,0,5,13,12,551,248,288,4,0,0,0,11
4567705,South Congaree,SC,2306,1966,222,12,34,0,33,39,64,2242,1939,222,12,34,0,3,32
4567750,Southern Shops,SC,3767,1952,640,31,44,0,990,110,1533,2234,1498,625,16,44,0,10,41
4568177,South Sumter,SC,2411,218,2146,5,0,3,21,18,54,2357,202,2127,5,0,3,5,15
4568290,Spartanburg,SC,37013,16877,18255,80,667,14,466,654,1264,35749,16267,18156,68,660,10,51,537
4568380,Springdale,SC,2574,1609,713,10,7,0,168,67,257,2317,1543,710,6,7,0,6,45
4568425,Springdale,SC,2636,2220,281,9,44,1,39,42,95,2541,2177,276,9,44,1,2,32
4568470,Springfield,SC,524,316,186,12,4,0,1,5,4,520,316,185,11,4,0,0,4
4568875,Starr,SC,173,160,10,0,0,1,0,2,3,170,157,10,0,0,1,0,2
4568920,Startex,SC,859,766,55,4,7,0,20,7,38,821,751,55,4,7,0,0,4
4569010,Stateburg,SC,1380,1031,277,10,28,0,4,30,18,1362,1025,275,7,28,0,3,24
4570045,Stuckey,SC,245,44,199,0,0,0,0,2,1,244,44,198,0,0,0,0,2
4570090,Sullivan's Island,SC,1791,1762,14,0,3,0,2,10,20,1771,1743,14,0,3,0,1,10
4570225,Summerton,SC,1000,349,620,1,14,1,10,5,16,984,347,616,1,14,1,0,5
4570270,Summerville,SC,43392,31271,9304,173,657,40,681,1266,2165,41227,30101,9158,161,647,38,68,1054
4570315,Summit,SC,402,366,32,1,0,0,0,3,7,395,359,32,1,0,0,0,3
4570405,Sumter,SC,40524,18359,19889,133,654,50,606,833,1467,39057,17777,19755,101,647,48,47,682
4570585,Surfside Beach,SC,3837,3688,33,15,22,1,28,50,78,3759,3644,31,14,22,1,1,46
4570675,Swansea,SC,827,333,447,14,1,0,14,18,16,811,330,447,14,1,0,1,18
4570900,Sycamore,SC,180,121,58,0,1,0,0,0,2,178,119,58,0,1,0,0,0
4571305,Tatum,SC,75,55,13,7,0,0,0,0,1,74,54,13,7,0,0,0,0
4571395,Taylors,SC,21617,16622,3222,35,546,26,723,443,1797,19820,15693,3176,32,542,19,40,318
4571417,Tega Cay,SC,7620,7058,232,17,151,10,45,107,254,7366,6872,227,15,148,10,7,87
4571890,Tigerville,SC,1312,1144,105,2,6,0,50,5,18,1294,1136,105,2,6,0,42,3
4571980,Timmonsville,SC,2320,385,1898,4,14,0,5,14,29,2291,376,1889,4,14,0,0,8
4572430,Travelers Rest,SC,4576,3658,701,11,51,1,81,73,206,4370,3540,697,10,51,0,10,62
4572520,Trenton,SC,196,129,62,0,0,0,5,0,8,188,126,62,0,0,0,0,0
4572655,Troy,SC,93,80,10,1,0,0,2,0,3,90,79,10,1,0,0,0,0
4572745,Turbeville,SC,766,465,277,3,4,0,14,3,22,744,459,277,3,4,0,0,1
4572880,Ulmer,SC,88,61,25,2,0,0,0,0,2,86,59,25,2,0,0,0,0
4573105,Union,SC,8393,4238,3948,22,36,0,34,115,99,8294,4200,3924,22,36,0,11,101
4573330,Utica,SC,1489,1085,311,4,7,0,36,46,79,1410,1054,304,4,5,0,0,43
4573465,Valley Falls,SC,6299,4331,1550,18,106,3,201,90,413,5886,4147,1538,18,105,3,5,70
4573510,Vance,SC,170,17,136,5,11,0,0,1,1,169,17,135,5,11,0,0,1
4573600,Varnville,SC,2162,747,1364,3,18,0,2,28,8,2154,743,1362,2,18,0,1,28
4573870,Wade Hampton,SC,20622,16080,2100,79,655,30,1244,434,2315,18307,15161,2071,59,653,28,29,306
4574050,Wagener,SC,797,255,516,4,3,0,0,19,12,785,252,507,4,3,0,0,19
4574095,Walhalla,SC,4263,3250,255,19,34,1,610,94,961,3302,2935,253,17,34,0,2,61
4574140,Wallace,SC,892,494,347,25,0,0,4,22,10,882,491,347,24,0,0,0,20
4574275,Walterboro,SC,5398,2442,2728,17,54,0,74,83,155,5243,2383,2721,12,54,0,5,68
4574590,Ward,SC,91,63,18,0,0,0,9,1,9,82,63,18,0,0,0,0,1
4574635,Ware Place,SC,228,191,29,2,0,0,3,3,3,225,189,29,2,0,0,2,3
4574680,Ware Shoals,SC,2170,1665,453,2,2,0,18,30,30,2140,1662,453,2,2,0,2,19
4574725,Warrenville,SC,1233,1058,66,11,3,0,50,45,84,1149,1043,65,10,3,0,0,28
4574995,Waterloo,SC,166,76,87,0,0,0,0,3,0,166,76,87,0,0,0,0,3
4575220,Watts Mills,SC,1635,947,342,3,7,3,295,38,479,1156,794,329,3,7,0,5,18
4575445,Wedgefield,SC,1615,1028,518,3,19,0,9,38,29,1586,1022,509,3,18,0,1,33
4575535,Welcome,SC,6668,3908,1860,42,26,0,711,121,1086,5582,3602,1846,10,24,0,12,88
4575580,Wellford,SC,2378,1135,1105,10,20,0,42,66,101,2277,1097,1105,6,20,0,2,47
4575850,West Columbia,SC,14988,10186,2769,119,271,3,1290,350,2174,12814,9579,2676,44,269,1,27,218
4576165,Westminster,SC,2418,2028,259,2,8,0,75,46,151,2267,1964,256,1,8,0,0,38
4576345,West Pelzer,SC,880,813,45,0,1,0,7,14,31,849,792,43,0,1,0,0,13
4576435,West Union,SC,291,248,7,8,1,0,24,3,43,248,234,7,4,1,0,0,2
4577380,Whitmire,SC,1441,1122,278,10,5,0,9,17,24,1417,1110,275,10,5,0,0,17
4577672,Wilkinson Heights,SC,2493,76,2307,3,5,0,72,30,102,2391,63,2292,3,5,0,4,24
4577785,Williams,SC,117,69,37,0,0,0,6,5,7,110,69,37,0,0,0,0,4
4577875,Williamston,SC,3934,3280,521,4,5,0,71,53,112,3822,3251,515,4,5,0,0,47
4577920,Willington,SC,142,20,122,0,0,0,0,0,0,142,20,122,0,0,0,0,0
4577965,Williston,SC,3139,1360,1695,24,7,0,9,44,36,3103,1353,1676,23,7,0,7,37
4578190,Windsor,SC,121,100,10,0,1,0,5,5,17,104,90,9,0,1,0,0,4
4578460,Winnsboro,SC,3550,1310,2150,6,12,0,33,39,71,3479,1280,2139,6,12,0,5,37
4578505,Winnsboro Mills,SC,1898,645,1099,8,17,0,78,51,125,1773,614,1083,5,16,0,5,50
4578820,Woodfield,SC,9303,2875,4786,62,292,31,901,356,1800,7503,2246,4685,32,289,28,8,215
4578910,Woodford,SC,185,81,97,3,0,0,4,0,10,175,75,97,3,0,0,0,0
4579090,Woodruff,SC,4090,2721,1031,6,15,1,195,121,313,3777,2638,1018,6,15,1,14,85
4579450,Yemassee,SC,1027,424,560,5,14,1,3,20,25,1002,418,549,5,14,1,0,15
4579630,York,SC,7736,4212,2968,59,44,1,287,165,563,7173,4011,2941,35,44,1,10,131
